,event_id,country,start_date,end_date,event_day,event_type,intensity,national_scope,polarization_mechanism,description,confidence,country_id,event_day_note
0,arg_1996_cgt_huelga,Argentina,1996-08-08,1996-08-08,1996-08-08,Huelga general,2,national,"Primer paro general nacional masivo convocado por la CGT contra las políticas de ajuste y flexibilización laboral del gobierno de Carlos Menem, marcando una profunda confrontación entre el sindicalismo tradicional y el modelo oficial.","Primera huelga general contra el gobierno de Carlos Menem organizada por la CGT disidente y la CTA, con alto acatamiento y fuerte confrontación política.",high,32,
1,arg_2001_crisis_institucional,Argentina,2001-12-13,2001-12-21,2001-12-20,Crisis institucional y renuncia presidencial,5,national,"Ruptura total entre la ciudadanía y el sistema político tradicional bajo la consigna 'que se vayan todos', culminando en represión estatal, estado de sitio y la caída del gobierno de Fernando de la Rúa.","Crisis político-social extrema caracterizada por saqueos, protestas masivas, represión policial con muertos y la renuncia del presidente Fernando de la Rúa.",high,32,
2,arg_2008_conflicto_campo,Argentina,2008-03-11,2008-07-18,2008-07-17,,5,national,"Enfrentamiento prolongado y profundo entre el gobierno nacional de Cristina Fernández de Kirchner y el sector agropecuario acompañado por sectores urbanos opositores, dividiendo a la sociedad en dos bandos irreconciliables ('el campo' vs. 'el gobierno').","Conflicto desatado por la implementación de retenciones móviles a las exportaciones agrarias (Resolución 125), que derivó en cortes de rutas, lockouts patronales, masivas movilizaciones contrpuestas y una profunda crisis política que se definió en el Congreso.",high,32,Derrota parlamentaria de la Resolución 125 en el Senado con el voto no positivo del vicepresidente Julio Cobos
3,arg_2012_protestas_8n,Argentina,2012-11-08,2012-11-08,2012-11-08,Protestas masivas antigubernamentales,3,national,"Confrontación directa entre sectores urbanos movilizados contra el gobierno de Cristina Fernández de Kirchner bajo reclamos de institucionalidad, corrupción y restricciones económicas.","Masiva movilización nacional conocida como '8N' contra el gobierno kirchnerista, con epicentro en la Plaza de Mayo y principales ciudades del país.",high,32,
4,arg_2015_muerte_nisman,Argentina,2015-01-18,2015-02-18,2015-02-18,,4,national,"Acusaciones cruzadas de magnitud institucional extrema entre el Poder Ejecutivo y el sistema judicial/oposición a raíz de la muerte del fiscal Alberto Nisman, profundizando la grieta política en año electoral.",Conmoción política e institucional generada por la muerte del fiscal Alberto Nisman pocos días después de denunciar a la presidenta Cristina Fernández de Kirchner por el Memorándum con Irán.,high,32,Marcha del silencio convocada por fiscales en homenaje a Alberto Nisman
5,arg_2017_reforma_previsional,Argentina,2017-12-14,2017-12-18,2017-12-18,Enfrentamientos y violencia política en el Congreso,4,national,"Violentos enfrentamientos físicos en las inmediaciones del Congreso nacional entre manifestantes opositores, organizaciones sociales/sindicatos y fuerzas de seguridad durante el debate de la ley previsional del gobierno de Mauricio Macri.",Batalla campal en la Plaza del Congreso y alta tensión parlamentaria durante la aprobación de la reforma previsional impulsada por la administración de Cambiemos.,high,32,
6,arg_2022_atentado_cfk,Argentina,2022-09-01,2022-09-05,2022-09-01,Atentado político y violencia extrema,5,national,"Intento de magnicidio contra la vicepresidenta Cristina Fernández de Kirchner que desató una inmediata e intensa disputa sobre las responsabilidades discursivas de los medios, la oposición y el oficialismo en la generación de odio político.","Magnicidio frustrado contra la dos veces presidenta y actual vicepresidenta Cristina Fernández de Kirchner, generando un shock institucional y una fractura en las lecturas políticas del hecho.",high,32,
7,arg_2023_elecciones_polarizadas,Argentina,2023-08-13,2023-11-19,2023-11-19,,4,national,"Competencia electoral altamente polarizada entre tres tercios y posteriormente un balotaje polarizado entre el antikirchnerismo radicalizado de la libertad avanza y el oficialismo peronista, cuestionando los acuerdos democráticos tradicionales.",Proceso electoral presidencial extraordinario que reconfiguró el sistema de partidos argentino con el surgimiento y triunfo de la fuerza antisistémica liderada por Javier Milei.,high,32,Segunda vuelta electoral (balotaje) que consagró a Javier Milei
8,BOL_1995_04,Bolivia,1995-04-18,1995-05-10,1995-04-18,Estado de sitio y huelgas generales,3,national,"El gobierno de Gonzalo Sánchez de Lozada decretó estado de sitio para frenar las protestas de la Central Obrera Boliviana (COB) y movilizaciones de maestros, intensificando el enfrentamiento entre el Estado y los movimientos sindicales.","Ola de huelgas generales y protestas lideradas por la Central Obrera Boliviana y el magisterio contra las reformas estructurales, que derivó en la imposición de un estado de sitio a nivel nacional y la detención de dirigentes sindicales.",high,68,
9,BOL_2000_04,Bolivia,2000-04-04,2000-04-10,2000-04-08,Protestas masivas y enfrentamientos,5,national,"Conflicto agudo entre la población y el gobierno por la privatización del servicio de agua, llevando a la declaración de estado de sitio y a una fuerte confrontación social.","La llamada 'Guerra del Agua' en Cochabamba, que se extendió a bloqueos de carreteras y protestas nacionales contra el gobierno de Hugo Banzer, resultando en enfrentamientos violentos y la revocación de la concesión del agua.",high,68,
10,BOL_2003_09,Bolivia,2003-09-19,2003-10-18,2003-10-12,Renuncia presidencial por crisis política y violencia,5,national,"Polarización extrema entre sectores populares e indígenas movilizados contra la exportación de gas y el gobierno de Gonzalo Sánchez de Lozada, generando una crisis de gobernabilidad insostenible.","La 'Guerra del Gas', un levantamiento popular masivo centrado en El Alto y La Paz contra la política de hidrocarburos, que dejó decenas de muertos y culminó con la renuncia y huida del presidente Gonzalo Sánchez de Lozada.",high,68,
11,BOL_2005_05,Bolivia,2005-05-16,2005-06-09,2005-06-06,Crisis institucional y protestas,4,national,"Confrontación entre los movimientos sociales que exigían la nacionalización de los hidrocarburos y la Asamblea Constituyente, frente a los sectores políticos tradicionales, forzando la sucesión presidencial anticipada.","Nuevas protestas masivas y bloqueos que exigían la nacionalización del gas y la convocatoria a una Asamblea Constituyente, provocando las renuncias sucesivas de Carlos Mesa y Hormando Vaca Díez, y llevando a Eduardo Rodríguez Veltzé a la presidencia interina para convocar elecciones.",high,68,
12,BOL_2008_08,Bolivia,2008-08-19,2008-09-12,2008-09-11,"Crisis política, violencia regional y enfrentamientos",5,national,"Enfrentamiento territorial y político radicalizado entre el gobierno central de Evo Morales y la llamada 'Media Luna' (prefecturas opositoras de la región oriental), que culminó en la masacre de Porvenir.","Escalada de protestas, tomas de instituciones públicas y enfrentamientos violentos en los departamentos autonomistas de la oposición, cuyo punto crítico fue la Masacre de Pando el 11 de septiembre, llevando al gobierno a decretar estado de sitio en dicho departamento.",high,68,
13,BOL_2009_01,Bolivia,2009-01-25,2009-01-25,2009-01-25,Referéndum constitucional altamente polarizante,4,national,"Aprobación de un nuevo texto constitucional impulsado por el oficialismo que reconfiguró el Estado, profundamente resistido por los partidos de oposición y las regiones del oriente.","Celebración del referéndum constitucional para aprobar la nueva Constitución Política del Estado promovida por el gobierno de Evo Morales, con un marcado clivaje regional y político.",high,68,
14,BOL_2019_10,Bolivia,2019-10-21,2019-11-12,2019-11-10,"Crisis electoral, protestas masivas y renuncia presidencial",5,national,"Acusaciones masivas de fraude en las elecciones generales, intervención de la OEA, movilizaciones ciudadanas ininterrumpidas y un enfrentamiento político total entre oficialismo y oposición que derivó en la caída del gobierno.","Crisis político-electoral desatada tras las cuestionadas elecciones generales del 20 de octubre de 2019, que incluyó denuncias de fraude, un informe de la OEA, movilizaciones cívicas masivas, motines policiales, presión de las Fuerzas Armadas y la renuncia de Evo Morales.",high,68,
15,BOL_2020_10,Bolivia,2020-10-18,2020-10-23,2020-10-18,Elecciones generales altamente polarizadas,4,national,"Elecciones de alto riesgo celebradas en medio de un clima de profunda desconfianza institucional y polarización poselectoral de 2019, definiendo el retorno al poder del partido de Evo Morales (MAS) en primera vuelta.","Jornada electoral general en Bolivia tras la postergación por la pandemia de COVID-19 y la crisis de 2019, que supuso una prueba crítica de estabilidad y confrontación política entre el masismo y los bloques opositores.",high,68,
16,BOL_2022_11,Bolivia,2022-10-22,2022-11-26,2022-11-07,Paro cívico nacional y confrontación regional,4,national,"Confrontación abierta entre el Comité Pro Santa Cruz y el gobierno central respecto a la fecha del censo nacional, generando bloqueos, violencia urbana y fracturas políticas profundas.","Paro indefinido de 36 días en el departamento de Santa Cruz exigiendo la realización del censo de población y vivienda en 2023, lo que desató enfrentamientos violentos con sectores afines al oficialismo y un bloqueo económico regional.",high,68,
17,BOL_2024_06,Bolivia,2024-06-26,2024-06-26,2024-06-26,Intento de golpe de Estado,4,national,"Ruptura institucional y militar inédita en el período reciente, encabezada por el comandante general del Ejército contra la sede del gobierno, profundizando además la crisis interna del oficialismo (lucha Arce-Morales).","Levantamiento militar liderado por el general Juan José Zúñiga, quien tomó brevemente la Plaza Murillo y el Palacio Quemado en La Paz con tanquetas y tropas, sofocado rápidamente ante el rechazo nacional e internacional.",high,68,
18,BRA_1999_05,Brasil,1999-05-18,1999-06-09,1999-05-25,Protestas masivas y crisis institucional,2,national,La 'Marcha de los 100 Mil' organizada por movimientos sociales y partidos de oposición contra la política económica y el gobierno de Fernando Henrique Cardoso intensificó la confrontación ideológica entre la izquierda y el oficialismo.,"Movilizaciones masivas a nivel nacional organizadas por el Movimiento de los Sin Tierra (MST), la CUT y partidos de oposición como el PT, exigiendo el juicio político al presidente Fernando Henrique Cardoso y un cambio radical en el modelo económico.",high,76,
19,BRA_2005_06,Brasil,2005-06-06,2005-12-01,2005-06-06,Escándalo de corrupción y crisis institucional,4,national,"El escándalo del 'Mensalão' fracturó el sistema político, generando una intensa polarización moral e institucional entre el gobernante Partido de los Trabajadores (PT) y los partidos de oposición, que exigieron la destitución del presidente Luiz Inácio Lula da Silva.","Revelaciones de un esquema de compra de votos en el Congreso por parte del gobierno de Lula da Silva, conocido como el 'Mensalão', que desató la mayor crisis política del primer mandato del PT y pedidos formales de juicio político.",high,76,
20,BRA_2013_06,Brasil,2013-06-06,2013-07-31,2013-06-20,Protestas masivas nacionales,5,national,"Las protestas masivas de junio de 2013 ('Jornadas de Junho') canalizaron un descontento generalizado contra el sistema político tradicional, dividiendo a la sociedad entre manifestantes antisistema y el gobierno de Dilma Rousseff, y sentando las bases para la polarización futura.","Olas de protestas masivas que comenzaron por el aumento del boleto de transporte en São Paulo y evolucionaron rápidamente hacia reclamos nacionales contra la corrupción, el gasto público en eventos deportivos y la clase política tradicional.",high,76,
21,BRA_2014_10,Brasil,2014-10-05,2014-10-26,2014-10-26,Elección presidencial altamente polarizada,3,national,"La elección presidencial de 2014 entre Dilma Rousseff (PT) y Aécio Neves (PSDB) dividió profundamente al país en líneas geográficas y de clase social, marcando el inicio formal de la polarización partidaria bipolar moderna en Brasil.","Segunda vuelta presidencial extremadamente disputada y polarizada, seguida por cuestionamientos postelectorales y pedidos infundados de auditoría por parte del partido derrotado, profundizando la fractura social.",high,76,
22,BRA_2015_03,Brasil,2015-03-15,2015-03-16,2015-03-15,Protestas masivas antigubernamentales,4,national,Las masivas movilizaciones de la derecha y sectores anti-PT contra el gobierno de Dilma Rousseff consolidaron la división ideológica de la sociedad brasileña y presionaron fuertemente por la destitución presidencial.,"Millones de brasileños salieron a las calles en todo el país exigiendo la destitución de la presidenta Dilma Rousseff, en el marco de las investigaciones de la Operación Lava Jato y la crisis económica.",high,76,
23,BRA_2016_04,Brasil,2016-04-11,2016-08-31,2016-04-17,Destitución presidencial (Impeachment),5,national,"El proceso de impeachment contra Dilma Rousseff fue calificado por sus partidarios como un golpe de Estado institucional y por sus opositores como un triunfo de la legalidad, polarizando profundamente al país entre 'golpistas' y 'defensores de la democracia'.","Proceso legislativo y político culminado con la destitución de la presidenta Dilma Rousseff por supuesta violación de las leyes presupuestarias, generando una ruptura institucional y una profunda división política.",high,76,
24,BRA_2018_04,Brasil,2018-04-07,2018-04-09,2018-04-07,Crisis institucional por arresto de expresidente,4,national,"El encarcelamiento de Luiz Inácio Lula da Silva polarizó radicalmente el escenario político de cara a las elecciones, dividiendo al poder judicial y a la sociedad entre quienes veían el acto como justicia anticorrupción y quienes lo consideraban persecución política.","Entrega y detención del expresidente Lula da Silva en cumplimiento de una condena por corrupción dictada por el juez Sergio Moro, generando vigilias masivas de protesta y enfrentamientos verbales y físicos entre partidarios y detractores.",high,76,
25,BRA_2018_10,Brasil,2018-10-07,2018-10-28,2018-10-28,Elección presidencial altamente polarizada,5,national,"La confrontación electoral entre Jair Bolsonaro (extrema derecha) y Fernando Haddad (izquierda/PT) institucionalizó la polarización ideológica radical, con campañas basadas en el miedo mutuo, rechazo al adversario y discursos antisistema.","Elecciones presidenciales marcadas por un clima de alta violencia política, el apuñalamiento previo del candidato Jair Bolsonaro y una polarización ideológica sin precedentes desde el retorno a la democracia.",high,76,
26,BRA_2020_05,Brasil,2020-05-03,2020-06-07,2020-05-31,Protestas cruzadas y crisis democrática,4,national,"Las manifestaciones simultáneas a favor y en contra del gobierno de Jair Bolsonaro, combinadas con ataques del Ejecutivo a las instituciones democráticas durante la pandemia, generaron un pico de confrontación institucional y callejera.","Protestas cruzadas entre partidarios de Bolsonaro (que exigían el cierre de la Corte Suprema y el Congreso) y movimientos antifascistas e izquierdistas, en medio de la crisis sanitaria por el COVID-19.",high,76,
27,BRA_2021_09,Brasil,2021-09-07,2021-09-09,2021-09-07,Crisis institucional y movilización oficialista,4,national,"Las movilizaciones convocadas por el presidente Jair Bolsonaro el Día de la Independencia incluyeron ataques directos al poder judicial, llevando la confrontación entre los poderes del Estado a su punto más tenso y polarizador.","Multitudinarias marchas convocadas por Bolsonaro en Brasilia y São Paulo donde amenazó abiertamente con desobedecer fallos del Tribunal Supremo Federal, generando una grave crisis institucional que obligó a negociaciones políticas de contención.",high,76,
28,BRA_2022_10,Brasil,2022-10-02,2022-10-30,2022-10-30,Elección presidencial altamente polarizada,5,national,"La disputa electoral entre Jair Bolsonaro y Luiz Inácio Lula da Silva representó el clímax de la polarización ideológica del país, con la legitimidad del sistema electoral constantemente cuestionada por el oficialismo.","Segunda vuelta presidencial extremadamente cerrada y tensa, donde Lula da Silva derrotó por estrecho margen a Jair Bolsonaro, en un clima de profunda desconfianza institucional y división social.",high,76,
29,BRA_2022_11,Brasil,2022-10-31,2022-12-31,2022-11-02,Bloqueos y protestas post-electorales,4,national,El desconocimiento de los resultados electorales por parte de los simpatizantes de Jair Bolsonaro y la exigencia de una intervención militar profundizaron la ruptura política y la intolerancia social.,Olas de bloqueos de carreteras y campamentos permanentes frente a cuarteles militares organizados por partidarios de Bolsonaro que exigían la anulación de las elecciones y la intervención de las Fuerzas Armadas.,high,76,
30,BRA_2023_01,Brasil,2023-01-08,2023-01-08,2023-01-08,Asalto a los poderes del Estado (Insurrección),5,national,El ataque coordinado a las sedes de los tres poderes de la República por parte de manifestantes radicales bolsonaristas constituyó el episodio de violencia política e institucional más grave de la historia democrática reciente de Brasil.,"Miles de simpatizantes de Jair Bolsonaro irrumpieron y vandalizaron el Palacio de Planeto, el Congreso Nacional y el Supremo Tribunal Federal en Brasilia, exigiendo un golpe de estado militar para derrocar al recientemente asumido presidente Lula da Silva.",high,76,
31,CHL-1998-001,Chile,1998-10-16,2000-03-03,1998-10-16,Crisis institucional y judicial internacional,3,national,"La detención en Londres del ex dictador Augusto Pinochet dividió radicalmente a la clase política chilena entre partidarios y detractores, reavivando las tensiones sobre el legado de la dictadura y los derechos humanos.","Arresto del senador vitalicio y ex dictador Augusto Pinochet en Londres a petición del juez español Baltasar Garzón, generando una polarización extrema entre la derecha opositora y la Concertación gobernante.",high,152,
32,CHL-2006-001,Chile,2006-04-26,2006-06-10,2006-05-30,Protestas masivas y movimiento social,3,national,"La movilización estudiantil masiva, conocida como la 'Revolución de los Pingüinos', confrontó fuertemente al movimiento social con el primer gobierno de Michelle Bachelet y cuestionó el modelo educativo heredado de la dictadura.","Paros y marchas estudiantiles secundarias que paralizaron el sistema educativo chileno, exigiendo reformas estructurales a la Ley Orgánica Constitucional de Enseñanza (LOCE).",high,152,
33,CHL-2011-001,Chile,2011-04-28,2011-12-31,2011-08-09,Protestas masivas y conflicto social,4,national,"El movimiento estudiantil y social de 2011 generó una profunda confrontación ideológica con el gobierno de Sebastián Piñera sobre el rol del Estado en la educación, el lucro y la desigualdad social.","Prolongadas protestas nacionales, marchas multitudinarias y tomas de establecimientos educacionales que cuestionaron las bases del modelo socioeconómico chileno durante la administración de centroderecha.",high,152,
34,CHL-2019-001,Chile,2019-10-18,2019-12-31,2019-10-25,"Protestas masivas, revuelta social y violencia política",5,national,"El 'Estallido Social' polarizó profundamente al país entre quienes exigían cambios estructurales profundos y el fin del modelo neoliberal y quienes defendían el orden institucional y condenaban la violencia extrema, generando la mayor crisis política desde el retorno a la democracia.","Ola de protestas masivas, evasiones masivas del metro, incendios, saqueos y enfrentamientos con las fuerzas de seguridad, que llevaron al gobierno a declarar estado de emergencia y posteriormente acordar un proceso constituyente.",high,152,
35,CHL-2020-001,Chile,2020-10-25,2020-10-25,2020-10-25,Plebiscito nacional altamente polarizador,4,national,"El plebiscito sobre la redacción de una nueva Constitución dividió tajantemente a las fuerzas políticas entre el Apruebo y el Rechazo, definiendo dos visiones opuestas sobre el pacto social del país.","Celebración del plebiscito constitucional donde una abrumadora mayoría votó por redactar una nueva Constitución, institucionalizando el debate sobre el futuro político institucional de Chile.",high,152,
36,CHL-2021-001,Chile,2021-11-21,2021-12-19,2021-12-19,Elección presidencial fuertemente polarizada,4,national,"La segunda vuelta presidencial enfrentó a los candidatos de los extremos ideológicos (Gabriel Boric por la izquierda y José Antonio Kast por la extrema derecha), representando proyectos de país diametralmente opuestos.","Elección presidencial marcada por una alta polarización ideológica y discursiva, resultando en la victoria de Gabriel Boric.",high,152,
37,CHL-2022-001,Chile,2022-07-04,2022-09-04,2022-09-04,Plebiscito constitucional de salida altamente polarizador,5,national,"El plebiscito de salida sobre la propuesta de nueva Constitución redactada por la Convención Constitucional polarizó al país en torno a la aprobación o rechazo absoluto del texto, movilizando a toda la ciudadanía en un clima de alta confrontación política.","Plebiscito nacional obligatorio que culminó con el categórico rechazo de la propuesta constitucional, lo que obligó a reconfigurar el proceso político y legislativo posterior.",high,152,
38,col_1995_proceso_8000,Colombia,1995-06-05,1996-06-12,1995-08-01,Crisis institucional y política,4,national,"Acusaciones de infiltración de dineros del narcotráfico en la campaña presidencial de Ernesto Samper, generando una profunda división entre el Congreso, la rama judicial, la fiscalía y el ejecutivo.",El denominado Proceso 8000 desató una crisis política sin precedentes en la historia reciente de Colombia al investigarse al presidente Ernesto Samper por la recepción de fondos del Cartel de Cali en su campaña de 1994.,high,170,
39,col_1998_elecciones_pastrana,Colombia,1998-05-31,1998-06-21,1998-06-21,Elecciones presidenciales polarizadas,3,national,Elección presidencial fuertemente polarizada entre la opción de cambio y negociación con la guerrilla liderada por Andrés Pastrana y el oficialismo liberal de Horacio Serpa.,"Segunda vuelta presidencial de 1998 en medio de una profunda crisis de seguridad y económica, que enfrentó a Andrés Pastrana y Horacio Serpa con alta crispación política.",high,170,
40,col_2002_elecciones_uribe,Colombia,2002-05-26,2002-05-26,2002-05-26,Elecciones presidenciales polarizadas,4,national,"Triunfo de Álvaro Uribe Vélez en primera vuelta con una plataforma de confrontación directa contra las FARC, fracturando los partidos tradicionales y polarizando el espectro político entre seguridad democrática y procesos de paz fallidos.",Elecciones presidenciales marcadas por el colapso de los diálogos de paz del Caguán y el ascenso de la política de seguridad dura de Álvaro Uribe.,high,170,
41,col_2006_reeleccion_uribe,Colombia,2005-12-01,2006-05-28,2006-05-28,Elecciones y crisis constitucional,4,national,"La habilitación y posterior reelección del presidente Álvaro Uribe generó un intenso debate sobre la separación de poderes, la modificación de la Constitución de 1991 y la polarización entre el uribismo y la oposición de izquierda.",Proceso de reforma constitucional para permitir la reelección presidencial inmediata y las consiguientes elecciones de 2006 ganadas por Álvaro Uribe.,high,170,
42,col_2010_crisis_venezuela,Colombia,2010-07-22,2010-08-10,2010-07-22,Crisis diplomática e internacional con impacto político interno,3,national,"Ruptura de relaciones diplomáticas con Venezuela ordenada por Hugo Chávez tras denuncias del gobierno de Álvaro Uribe sobre presencia de guerrillas, polarizando el debate interno sobre política exterior y soberanía.","Crisis diplomática entre Colombia y Venezuela en los últimos días del gobierno de Álvaro Uribe, con fuerte repercusión en la polarización de la opinión pública nacional.",high,170,
43,col_2013_paro_agrario,Colombia,2013-08-19,2013-09-07,2013-08-29,Protestas masivas y huelga nacional,4,national,"Movilización campesina y popular a gran escala ('Paro Nacional Agrario') que confrontó fuertemente al gobierno de Juan Manuel Santos con sectores rurales y sindicales, amplificada por la frase presidencial 'el tal paro agrario no existe'.","Paro agrario nacional que paralizó varias regiones del país y generó choques violentos con la fuerza pública, cuestionando la política económica y agraria del gobierno.",high,170,
44,col_2014_elecciones_santos_ivan_zuluaga,Colombia,2014-05-25,2014-06-15,2014-06-15,Elecciones presidenciales polarizadas,4,national,"Elección presidencial definida por el apoyo o rechazo a los diálogos de paz con las FARC en La Habana, enfrentando al presidente-candidato Juan Manuel Santos con el uribismo representado por Óscar Iván Zuluaga.",Segunda vuelta presidencial de 2014 caracterizada por una aguda confrontación discursiva sobre el proceso de paz y denuncias de espionaje político (escándalo de 'Andrómeda').,high,170,
45,col_2016_plebiscito_paz,Colombia,2016-08-24,2016-10-02,2016-10-02,Referéndum altamente polarizante,5,national,Plebiscito sobre el acuerdo de paz con las FARC. El resultado sorpresivo por el 'No' profundizó la polarización extrema entre los partidarios de la paz negociada y los sectores liderados por el Centro Democrático partidarios de la modificación profunda de los acuerdos.,"Votación del plebiscito sobre los acuerdos de La Habana, que culminó con la victoria del 'No' y sumió al sistema político colombiano en una crisis de gobernabilidad e incertidumbre.",high,170,
46,col_2018_elecciones_duque_petro,Colombia,2018-05-27,2018-06-17,2018-06-17,Elecciones presidenciales polarizadas,4,national,"Polarización ideológica inédita en segunda vuelta entre Iván Duque (respaldado por Álvaro Uribe y la centroderecha tradicional) y Gustavo Petro (izquierda), polarizando al país en torno al modelo económico y la implementación del acuerdo de paz.",Segunda vuelta de las elecciones presidenciales de 2018 que consolidó la división del electorado colombiano en dos bloques ideológicos contrapuestos.,high,170,
47,col_2019_paro_nacional,Colombia,2019-11-21,2019-12-11,2019-11-21,Protestas masivas y huelga general,5,national,"Estallido social sin precedentes contra el gobierno de Iván Duque, combinando demandas económicas, sociales y políticas, con masivas movilizaciones urbanas y fuertes enfrentamientos con el ESMAD.","Inicios del Paro Nacional de 2019, una ola de protestas multitudinarias que alteró profundamente la estabilidad política y la agenda del gobierno de Iván Duque.",high,170,
48,col_2021_paro_nacional,Colombia,2021-04-28,2021-06-15,2021-05-03,"Protestas masivas, huelga y violencia política",5,national,"Crisis social y política extrema desencadenada por un proyecto de reforma tributaria en plena pandemia, que derivó en bloqueos viales prolongados, graves violaciones a los derechos humanos y una polarización radical entre manifestantes y el gobierno nacional.","El Paro Nacional de 2021 constituyó la crisis de protesta social más intensa y violenta de la historia reciente de Colombia, con masivas movilizaciones y bloqueos en las principales ciudades.",high,170,
49,col_2022_elecciones_petro_hernandez,Colombia,2022-05-29,2022-06-19,2022-06-19,Elecciones presidenciales polarizadas,5,national,"Primera elección presidencial en la historia reciente que llevó a la izquierda al poder (Gustavo Petro) frente a un movimiento populista anti-establishment (Rodolfo Hernández), polarizando profundamente a las élites económicas, políticas y a la ciudadanía.","Segunda vuelta de las elecciones presidenciales de 2022, marcada por un clima de alta polarización, campañas de desprestigio y la expectativa de un cambio histórico de régimen político.",high,170,
50,CRI_1995_Huelga_ICE,Costa Rica,1995-07-03,1995-07-12,1995-07-06,Huelga general y protestas masivas,3,national,"Confrontación entre sindicatos y el gobierno de José María Figueres Olsen por los acuerdos políticos (Pacto Figueres-Calderón) y privatizaciones, generando un bloqueo nacional.","Huelgas y protestas nacionales convocadas por el sector estatal y sindical contra los acuerdos de gobernabilidad entre los dos partidos tradicionales, culminando en choques con la fuerza pública.",high,188,
51,CRI_2000_ICEazo,Costa Rica,2000-03-20,2000-04-05,2000-03-27,Protestas masivas y huelga general,5,national,Profunda división entre la ciudadanía movilizada contra la apertura del monopolio estatal de telecomunicaciones (Ley Combo del ICE) y la alianza bipartidista (PLN-PUSC) que la impulsaba.,"Conocido como el 'ICEazo', fue una de las mayores movilizaciones y paros nacionales en la historia reciente de Costa Rica, que obligó a la Asamblea Legislativa a archivar el proyecto de ley.",high,188,
52,CRI_2002_Elecciones_SegundaRonda,Costa Rica,2002-02-03,2002-04-07,2002-04-07,Elecciones presidenciales polarizadas,3,national,Ruptura del bipartidismo histórico PLN-PUSC con la irrupción del Partido Acción Ciudadana (PAC) y primera segunda vuelta electoral en la historia del país.,"Proceso electoral de 2002 que llevó por primera vez a una segunda ronda presidencial entre Abel Pacheco (PUSC) y Rolando Araya (PLN), transformando el sistema de partidos.",high,188,
53,CRI_2007_Referendum_TLC,Costa Rica,2007-07-01,2007-10-07,2007-10-07,Referéndum altamente polarizante,5,national,Polarización social y política extrema entre los sectores partidarios del Tratado de Libre Comercio con Estados Unidos (liderados por el gobierno de Óscar Arias) y los movimientos sociales y sindicales del 'NO'.,"Primer referéndum nacional de la historia costarricense para decidir sobre la aprobación del TLC con EE.UU., generando una campaña marcada por la confrontación ideológica y social.",high,188,
54,CRI_2018_Elecciones_Matrimonio,Costa Rica,2018-01-09,2018-04-01,2018-02-04,Elecciones presidenciales polarizadas por temas religiosos y de derechos,4,national,"Polarización basada en valores morales y religiosos tras la opinión consultiva de la Corte Interamericana de Derechos Humanos sobre el matrimonio igualitario, dividiendo al electorado entre posturas conservadoras y liberales.","Elecciones presidenciales marcadas por la irrupción del tema religioso en el centro del debate político, impulsando la candidatura de Fabricio Alvarado a la segunda ronda contra Carlos Alvarado.",high,188,
55,CRI_2018_Huelga_Fiscal,Costa Rica,2018-09-10,2018-12-18,2018-09-12,Huelga general y protestas masivas,5,national,"Confrontación abierta entre los sindicatos del sector público y el gobierno de Carlos Alvarado por la aprobación de la reforma fiscal (Ley de Fortalecimiento de las Finanzas Públicas), con bloqueos de carreteras y polarización de clases.","Huelga nacional indefinida que se prolongó por casi tres meses, caracterizada por masivas marchas en San José, bloqueos de vías nacionales y una fuerte tensión institucional.",high,188,
56,CRI_2020_Protestas_Hacienda,Costa Rica,2020-09-30,2020-10-15,2020-10-05,Protestas y bloqueos de carreteras,4,national,"Enfrentamiento entre grupos sociales autodenominados 'Rescate Nacional' y el gobierno de Carlos Alvarado, en medio de la crisis por la pandemia, rechazando las negociaciones con el FMI y nuevos impuestos.",Ola de bloqueos de carreteras y protestas violentas en varias regiones del país organizadas por líderes sindicales y sociales contra las políticas fiscales del gobierno.,high,188,
57,DOM-1996-05-16,República Dominicana,1996-05-16,1996-06-30,1996-06-30,Elecciones presidenciales controversiales y pacto político,4,national,"La primera vuelta electoral enfrentó a José Francisco Peña Gómez (PRD) contra Leonel Fernández (PLD) y a Joaquín Balaguer (PRSC), generando alta polarización racial y partidaria. Para la segunda vuelta, Balaguer pactó con el PLD ('Frente Patriótico'), uniendo a antiguos adversarios para bloquear al PRD, lo que dividió profundamente al electorado.",Elecciones presidenciales de 1996 que requirieron una segunda vuelta inédita tras el fallecimiento de los acuerdos tradicionales y la conformación del Frente Patriótico.,high,214,
58,DOM-2003-09-24,República Dominicana,2003-09-24,2003-09-24,2003-09-24,Protestas y enfrentamientos violentos,3,national,"Huelga nacional convocada por organizaciones populares y sindicales contra la política económica del gobierno de Hipólito Mejía, que derivó en enfrentamientos violentos con saldo de varios muertos y fuerte confrontación entre el gobierno y los sectores sociales.",Huelga general y protestas de septiembre de 2003 contra el alto costo de la vida y el manejo de la crisis bancaria por la administración del PRD.,high,214,
59,DOM-2010-01-26,República Dominicana,2010-01-26,2010-01-26,2010-01-26,Crisis institucional y constitucional,3,national,"La proclamación de una nueva Constitución impulsada por Leonel Fernández generó un intenso debate y división política, especialmente por la reintroducción de la repostulación presidencial consecutiva y la concentración de poderes, enfrentando al oficialista PLD con sectores de la sociedad civil y partidos de oposición.",Promulgación de la Constitución de 2010 tras un proceso de fuerte confrontación política y debate institucional sobre el modelo de Estado.,high,214,
60,DOM-2013-10-23,República Dominicana,2013-10-23,2013-12-15,2013-11-23,Conflicto político internacional e interno por derechos de ciudadanía,4,national,"La emisión de la Sentencia 168-13 del Tribunal Constitucional desató una polarización extrema entre nacionalistas y defensores de derechos humanos, dividiendo a la clase política e intelectual del país sobre la retroactividad en la pérdida de nacionalidad de hijos de inmigrantes indocumentados.",Crisis político-social provocada por la sentencia del Tribunal Constitucional sobre la nacionalidad dominicana.,high,214,
61,DOM-2015-05-18,República Dominicana,2015-05-18,2015-06-13,2015-06-08,Ruptura política excepcional y reforma constitucional,4,national,"La reforma constitucional para permitir la reelección de Danilo Medina fracturó al gobernante Partido de la Liberación Dominicana (PLD), enfrentando abiertamente al sector danilista y al sector leonelista, y generando un fuerte rechazo de la oposición política y la sociedad civil.",Crisis interna en el PLD y modificación constitucional de 2015 para habilitar la repostulación presidencial.,high,214,
62,DOM-2020-02-16,República Dominicana,2020-02-16,2020-02-28,2020-02-16,Crisis electoral y protestas masivas,5,national,"La suspensión inédita de las elecciones municipales debido a fallos técnicos en el voto automatizado generó una profunda crisis institucional y desconfianza hacia el órgano electoral y el partido gobernante, impulsando masivas protestas juveniles (Plaza de la Bandera) que exigían la renuncia de las autoridades electorales.",Suspensión de las elecciones municipales de febrero de 2020 y consiguiente ola de protestas ciudadanas contra el gobierno.,high,214,
63,ECU_1997_BUCARAM,Ecuador,1997-02-05,1997-02-11,1997-02-06,Crisis institucional y destitución presidencial,5,national,"Destitución por el Congreso del presidente Abdalá Bucaram bajo la figura ambigua de 'incapacidad mental', generando una grave crisis institucional y enfrentamiento entre el poder legislativo, el ejecutivo y las bases populares del partido gobernante.","Intensa movilización social y colapso político que culminó con la declaración de incapacidad mental del presidente Abdalá Bucaram por parte del Congreso Nacional, desatando una pugna de poderes sobre la sucesión presidencial entre el vicepresidente y el presidente del Congreso.",high,218,
64,ECU_1999_MAHUAD_CRISIS,Ecuador,1999-03-08,1999-03-12,1999-03-09,Huelga general y crisis política,4,national,"El feriado bancario y la congelación de cuentas decretada por el gobierno de Jamil Mahuad polarizaron profundamente a la sociedad ecuatoriana contra el sector financiero y el Ejecutivo, provocando huelgas generales y un fuerte enfrentamiento político.","Decreto de congelamiento de depósitos bancarios que desató protestas masivas, huelgas de transportistas y sindicatos, y una confrontación aguda entre el gobierno y los sectores sociales y económicos.",high,218,
65,ECU_2000_COUP,Ecuador,2000-01-20,2000-01-22,2000-01-21,Golpe de Estado e insurrección indígena,5,national,"Insurrección cívico-militar liderada por el movimiento indígena (CONAIE) y oficiales mandos medios de las Fuerzas Armadas que derrocó al presidente Jamil Mahuad y estableció brevemente una junta de gobierno, polarizando al país entre el orden constitucional tradicional y el levantamiento popular.","Ocupación del Congreso Nacional por miles de indígenas y destitución del presidente Jamil Mahuad, seguida por la conformación de una Junta de Salvación Nacional y la posterior intervención de la cúpula militar para transferir el poder al vicepresidente Gustavo Noboa.",high,218,
66,ECU_2010_3S,Ecuador,2010-09-30,2010-09-30,2010-09-30,Revitalización de crisis y sublevación policial,5,national,"Sublevación policial por reivindicaciones salariales que derivó en una crisis de seguridad nacional y enfrentamiento político directo, catalogada por el gobierno como intento de golpe de estado, profundizando la polarización entre el correísmo y sectores de oposición, fuerzas de seguridad y medios de comunicación.","Protesta de policías que retuvieron al presidente Rafael Correa en un hospital de la policía, generando caos, saqueos en varias ciudades, un operativo de rescate militar y una profunda fractura política nacional.",high,218,
67,ECU_2019_OCTOBER_PROTESTS,Ecuador,2019-10-03,2019-10-13,2019-10-09,Protestas masivas y paro nacional,5,national,"El decreto de eliminación de subsidios a los combustibles desató un masivo levantamiento indígena y popular que polarizó al país entre el gobierno de Lenín Moreno (apoyado por sectores empresariales) y los manifestantes, con graves episodios de violencia y paralización nacional.","Ola de protestas y paralización nacional liderada por la CONAIE contra las medidas económicas acordadas con el FMI, que obligó al gobierno a trasladar temporalmente la sede administrativa a Guayaquil y derogar el decreto tras intensas negociaciones.",high,218,
68,ECU_2021_ELECTIONS,Ecuador,2021-02-07,2021-04-11,2021-04-11,Elección presidencial altamente polarizada,4,national,"Elección presidencial de segunda vuelta que enfrentó los modelos polarizantes del correísmo (Andrés Arauz) y el anticorreísmo/neoliberalismo (Guillermo Lasso), con llamados al voto nulo ideológico impulsados por el movimiento indígena.","Proceso electoral de balotaje caracterizado por una fuerte polarización ideológica, tensiones sobre el conteo de votos de primera vuelta y un llamado masivo al voto nulo por parte de la CONAIE.",high,218,
69,ECU_2022_PARO_NACIONAL,Ecuador,2022-06-13,2022-06-30,2022-06-21,Paro nacional y protestas masivas,5,national,"Paro nacional convocado por la CONAIE exigiendo reducción de precios de combustibles y contención de la crisis económica, generando una fuerte confrontación entre el gobierno de Guillermo Lasso y las bases indígenas, con intento fallido de destitución en la Asamblea.","Dieciocho días de movilizaciones, bloqueos de carreteras y enfrentamientos con las fuerzas de seguridad, acompañados por un proceso de votación en la Asamblea Nacional para destituir al presidente que no alcanzó los votos necesarios.",high,218,
70,ECU_2023_MUERTE_CRUZADA,Ecuador,2023-05-17,2023-05-17,2023-05-17,Crisis constitucional y disolución de poderes,5,national,"La aplicación inédita del mecanismo constitucional de la 'muerte cruzada' por parte del presidente Guillermo Lasso disolvió la Asamblea Nacional en pleno juicio político de destitución, polarizando radicalmente el sistema político entre el Ejecutivo y el Legislativo.","Decreto ejecutivo de disolución del Parlamento y llamado a elecciones extraordinarias anticipadas, emitido por el presidente Lasso en medio de su juicio político, cerrando temporalmente el poder legislativo.",high,218,
71,ECU_2005_FORAJIDOS,Ecuador,2005-04-13,2005-04-20,,Destitución presidencial y revuelta popular,5,national,"La rebelión de los 'Forajidos' en Quito generó una polarización extrema entre la ciudadanía autoconvocada de la capital y el presidente Lucio Gutiérrez, culminando en la destitución del mandatario por el Congreso en medio de violentos enfrentamientos.","Protestas masivas de sectores urbanos autoconvocados ('Forajidos') contra la intervención de la Corte Suprema por parte del presidente Lucio Gutiérrez, culminando con su destitución por abandono del cargo y el nombramiento de Alfredo Palacio.",high,218,
72,SLV_1997_03,El Salvador,1997-03-16,1997-03-20,1997-03-16,elecciones legislativas y municipales polarizadas,2,national,"Consolidación electoral del FMLN como principal fuerza de oposición frente al partido gobernante ARENA, generando un reacomodo polarizado del mapa político tras los Acuerdos de Paz.","Elecciones legislativas y municipales donde el FMLN obtuvo importantes triunfos, incluyendo la alcaldía de San Salvador, marcando una fuerte polarización ideológica entre la ex guerrilla y el partido en el poder.",high,222,
73,SLV_2004_03,El Salvador,2004-03-21,2004-03-21,2004-03-21,elección presidencial altamente polarizada,3,national,Campaña electoral caracterizada por una aguda polarización ideológica y tácticas de confrontación anticomunista por parte de ARENA frente a la candidatura del FMLN.,"Elecciones presidenciales en las que Antonio Saca (ARENA) derrotó a Schafik Hándal (FMLN), en medio de un clima de alta polarización política y temores ideológicos heredados del conflicto armado.",high,222,
74,SLV_2009_03,El Salvador,2009-03-15,2009-03-15,2009-03-15,elección presidencial histórica y polarizada,4,national,"Primera alternancia presidencial en la historia moderna del país, enfrentando al oficialismo de derecha (ARENA) con la izquierda exguerrillera (FMLN), con altas tensiones políticas.","Elección presidencial donde Mauricio Funes del FMLN venció a Rodrigo Ávila de ARENA, produciendo una ruptura política excepcional al llegar por primera vez la izquierda al poder ejecutivo.",high,222,
75,SLV_2012_05,El Salvador,2012-05-31,2012-06-05,2012-06-05,crisis institucional entre la Corte Suprema y la Asamblea Legislativa,4,national,"Enfrentamiento directo entre poderes del Estado (Sala de lo Constitucional y Asamblea Legislativa) por fallos sobre la elección de magistrados, polarizando a partidos políticos y sectores jurídicos.","Grave crisis institucional desatada tras sentencias de la Sala de lo Constitucional que cuestionaron la legitimidad de las elecciones de magistrados realizadas por la Asamblea Legislativa, generando un pulso de poderes.",high,222,
76,SLV_2014_03,El Salvador,2014-03-09,2014-03-13,2014-03-09,elección presidencial sumamente ajustada y disputada,4,national,"Margen extremadamente estrecho de victoria entre el FMLN y ARENA, con denuncias cruzadas, recuento de votos y cuestionamientos a la institucionalidad electoral que elevaron la confrontación política al límite.","Segunda vuelta presidencial muy polarizada entre Salvador Sánchez Cerén (FMLN) y Norman Quijano (ARENA), cuyo resultado extremadamente cerrado generó una crisis de incertidumbre y disputas sobre el escrutinio.",high,222,
77,SLV_2020_02,El Salvador,2020-02-09,2020-02-10,2020-02-09,crisis institucional y toma militar de la Asamblea Legislativa,5,national,"Ruptura excepcional del orden democrático y uso de la fuerza militar por parte del Ejecutivo para presuntar al poder Legislativo, polarizando profundamente entre partidarios del presidente y la oposición institucional.","El presidente Nayib Bukele ingresó al Salón Azul de la Asamblea Legislativa escoltado por soldados fuertemente armados para presionar la aprobación de un préstamo internacional, provocando una grave condena nacional e internacional y crisis constitucional.",high,222,
78,SLV_2021_05,El Salvador,2021-05-01,2021-05-02,2021-05-01,destitución de magistrados y fiscal general,5,national,"Concentración de poder y remoción exprés de los órganos de control constitucional por la nueva Asamblea Legislativa afín al presidente, generando una polarización extrema entre el oficialismo y la oposición democrática.","La nueva legislatura de mayoría oficialista destituyó en su primer día de funciones a los magistrados de la Sala de lo Constitucional y al fiscal general de la República, consumando una profunda ruptura institucional.",high,222,
79,GTM_1999_REF,Guatemala,1999-03-15,1999-05-16,1999-05-16,Referéndum constitucional,3,national,"Rechazo polarizado a las Reformas Constitucionales derivadas de los Acuerdos de Paz, dividiendo a sectores indígenas, populares y de izquierda frente a élites económicas y partidos tradicionales.",Consulta popular para aprobar reformas a la Constitución de 1985. El triunfo del 'No' y el alto abstencionismo profundizaron la fractura política sobre el cumplimiento de los Acuerdos de Paz.,high,320,
80,GTM_2003_RIOS,Guatemala,2003-07-24,2003-07-25,2003-07-24,Violencia política y crisis institucional,5,national,"La pretendida participación electoral del ex-general Efraín Ríos Montt desató una insurrección urbana promovida por su partido (Jueves Negro), generando extrema confrontación y terror político.","Jornada de violencia extrema en la Ciudad de Guatemala conocida como el 'Jueves Negro', organizada por simpatizantes del FRG para forzar a la Corte Suprema a inscribir la candidatura presidencial de Ríos Montt.",high,320,
81,GTM_2015_CICIG,Guatemala,2015-04-16,2015-09-03,2015-08-27,Protestas masivas y destitución presidencial,5,national,"Confrontación abierta entre la ciudadanía movilizada contra la corrupción estatal y el establishment político tradicional, culminando en la caída del presidente Otto Pérez Molina.","Escándalo de corrupción aduanera 'La Línea' destapado por la CICIG y el MP, que desató masivas protestas ciudadanas ininterrumpidas hasta forzar la renuncia y encarcelamiento del presidente Otto Pérez Molina.",high,320,
82,GTM_2017_MORALES,Guatemala,2017-08-25,2017-08-28,2017-08-27,Crisis institucional y expulsión de CICIG,4,national,"Enfrentamiento directo entre el Ejecutivo liderado por Jimmy Morales y la institucionalidad internacional/judicial (CICIG y MP), polarizando a la sociedad entre defensores de la soberanía/impunidad y partidarios anticorrupción.","El presidente Jimmy Morales declaró 'non grato' al comisionado de la CICIG Iván Velásquez e intentó expulsarlo, generando una grave crisis institucional y masivas movilizaciones de rechazo.",high,320,
83,GTM_2019_ELEC,Guatemala,2019-01-30,2019-08-11,2019-06-16,Exclusión electoral y crisis política,4,national," judicialización de la política y exclusión de candidatos punteros (Thelma Aldana y Zury Ríos), generando profunda polarización sobre la legitimidad del proceso electoral.","Proceso electoral de 2019 marcado por la inhabilitación de candidaturas punteras por parte de las cortes, lo que generó un fuerte cuestionamiento a la democracia y baja legitimidad del proceso.",high,320,
84,GTM_2020_BUDGET,Guatemala,2020-11-18,2020-11-28,2020-11-21,Protestas masivas e incendio del Congreso,4,national,Confrontación directa entre la ciudadanía y las bancadas oficialistas del Congreso por la aprobación secreta y opaca del Presupuesto 2021 en plena pandemia.,Aprobación exprés y opaca del presupuesto estatal que desató masivas protestas en la Plaza de la Constitución y el incendio parcial del edificio del Congreso de la República.,high,320,
85,GTM_2023_ELEC,Guatemala,2023-02-06,2023-08-20,2023-08-20,Elecciones presidenciales altamente polarizadas y judicializadas,5,national,"Enfrentamiento entre el establishment político-judicial tradicional ('pacto de corruptos') y la opción anticorrupción y antisistema liderada por Bernardo Arévalo (Semilla), con intensos intentos de anular los comicios.","Proceso electoral extraordinario caracterizado por la inhabilitación de candidatos opositores, intentos judiciales de suspender al partido Movimiento Semilla tras su paso a segunda vuelta, y la victoria final de Bernardo Arévalo en medio de una severa crisis democrática.",high,320,
86,GTM_2023_PARO,Guatemala,2023-10-02,2023-11-06,2023-10-10,Paro nacional y protestas indígenas,5,national,"Confrontación abierta entre los Pueblos Indígenas (liderados por los 48 Cantones de Totonicapán) y los operadores judiciales (Ministerio Público), polarizando al país entre la defensa del orden democrático y el statu quo judicial.",Paro nacional indefinido con bloqueos de carreteras en todo el país exigiendo la renuncia de la Fiscal General Consuelo Porras y otros funcionarios acusados de intentar dar un golpe técnico contra el presidente electo Bernardo Arévalo.,high,320,
87,HND_2009_001,Honduras,2009-06-28,2009-06-28,2009-06-28,Golpe de Estado,5,national,"Derrocamiento militar del presidente Manuel Zelaya, generando una fractura institucional profunda y la división radical de la sociedad hondureña entre partidarios y detractores del régimen.","El 28 de junio de 2009, las Fuerzas Armadas de Honduras detuvieron y expulsaron del país al presidente Manuel Zelaya, en medio de una crisis constitucional desatada por su intento de realizar una consulta popular para convocar a una Asamblea Nacional Constituyente.",high,340,
88,HND_2009_002,Honduras,2009-06-28,2009-11-29,2009-09-21,Protestas masivas y crisis institucional,5,national,"Movilización continua del Frente Nacional de Resistencia Popular contra el gobierno de facto y las elecciones subsiguientes, polarizando ideológicamente al país.","Período de intensas protestas masivas, represión estatal y polarización social tras el golpe de Estado de 2009, que culminó con el retorno clandestino de Manuel Zelaya a la embajada de Brasil en Tegucigalpa el 21 de septiembre.",high,340,
89,HND_2013_001,Honduras,2013-11-24,2013-12-12,2013-11-24,Elecciones presidenciales controversiales,4,national,"Disputa frontal sobre los resultados electorales entre el Partido Nacional y el partido LIBRE, con denuncias de fraude y ruptura del bipartidismo tradicional.","Elecciones generales fuertemente polarizadas donde Xiomara Castro (LIBRE) denunció fraude tras el triunfo anunciado de Juan Orlando Hernández (Partido Nacional), generando tensiones poselectorales.",high,340,
90,HND_2017_001,Honduras,2017-11-26,2017-12-31,2017-11-29,Crisis electoral y protestas masivas,5,national,"Acusaciones masivas de fraude en la reelección de Juan Orlando Hernández, bloqueos de carreteras, toque de queda y enfrentamientos violentos entre manifestantes de la Alianza de Oposición y fuerzas de seguridad.","Crisis político-electoral desatada tras las elecciones del 26 de noviembre de 2017, caracterizada por un largo retraso en el conteo de votos, sospechas de manipulación informática, protestas generalizadas y una fuerte represión.",high,340,
91,HND_2019_001,Honduras,2019-05-30,2019-06-25,2019-06-03,Protestas masivas y conflicto social,4,national,"Confrontación directa entre gremios de salud y educación apoyados por la ciudadanía contra el gobierno de Juan Orlando Hernández, exigiendo su renuncia y la derogación de decretos de privatización.","Ola de protestas liderada por la Plataforma para la Defensa de la Salud y Educación, que paralizó gran parte del país y derivó en saqueos, enfrentamientos con la policía y una profunda crisis de gobernabilidad.",high,340,
92,HND_2021_001,Honduras,2021-11-28,2021-12-02,2021-11-28,Elecciones presidenciales de alta tensión,3,national,"Elecciones marcadas por el temor a la violencia política, la polarización ideológica entre el continuismo del Partido Nacional y la oposición de izquierda, resuelta finalmente por una alta participación ciudadana.","Jornada electoral general donde Xiomara Castro logró una victoria histórica que puso fin a 12 años de gobiernos del Partido Nacional, en un clima de alta tensión y expectativas de polarización.",high,340,
93,MEX_1995_01,México,1995-01-01,1995-03-02,1995-02-09,Crisis institucional y persecución política,4,national,"El gobierno de Ernesto Zedillo ordenó la captura de los líderes del EZLN (Subcomandante Marcos) y la toma militar en Chiapas, profundizando la ruptura entre el Estado y los movimientos insurgentes e izquierdistas.","Conflicto en Chiapas y orden de aprehensión contra los líderes del EZLN, generando una intensa polarización nacional entre el gobierno y sectores simpatizantes de la guerrilla.",high,484,
94,MEX_2006_01,México,2006-07-02,2006-12-01,2006-07-30,Crisis electoral y disputa presidencial,5,national,"La elección presidencial extremadamente cerrada entre Felipe Calderón y Andrés Manuel López Obrador desató denuncias masivas de fraude, impugnaciones legales y la toma de Paseo de la Reforma, dividiendo profundamente al país.","Elecciones presidenciales de 2006 altamente polarizadas, con desconocimiento del resultado por parte de la coalición de izquierda y protestas masivas en la Ciudad de México.",high,484,
95,MEX_2012_01,México,2012-05-11,2012-07-01,2012-06-10,Movimiento social y protestas estudiantiles,3,national,"El surgimiento del movimiento estudiantil #YoSoy132 confrontó fuertemente al candidato puntero Enrique Peña Nieto, a Televisa y al PRI, polarizando la opinión pública entre simpatizantes del régimen tradicional y sectores juveniles contestatarios.",Protestas estudiantiles masivas contra la cobertura mediática y la candidatura presidencial de Enrique Peña Nieto en el proceso electoral de 2012.,high,484,
96,MEX_2014_01,México,2014-09-26,2014-12-01,2014-11-20,Crisis por violencia política y protestas masivas,5,national,"La desaparición de los 43 normalistas de Ayotzinapa generó una crisis de credibilidad estatal y protestas nacionales que confrontaron a la ciudadanía con los poderes gubernamentales, cuestionando la legitimidad del Estado.",Desaparición forzada de estudiantes de Ayotzinapa y consecuente ola de protestas nacionales que exigían la renuncia del presidente Enrique Peña Nieto.,high,484,
97,MEX_2017_01,México,2017-01-01,2017-01-31,2017-01-05,Protestas masivas (Gasolinazo),3,national,El incremento drástico en el precio de los combustibles (gasolinazo) decretado por el gobierno federal desató saqueos y protestas generalizadas que polarizaron el descontento contra las reformas estructurales del gobierno.,"Movilizaciones y protestas masivas en todo el país conocidas como el 'Gasolinazo', con fuerte confrontación contra las políticas económicas del gobierno federal.",high,484,
98,MEX_2018_01,México,2018-03-30,2018-07-01,2018-07-01,Elección presidencial altamente polarizada,4,national,"La campaña presidencial enfrentó de manera radical al candidato antisistema Andrés Manuel López Obrador contra los partidos tradicionales (PRI-PAN), generando una profunda división ideológica y de clases en la sociedad mexicana.",Proceso electoral federal de 2018 caracterizado por un discurso de confrontación entre la 'mafia del poder' y el cambio de régimen.,high,484,
99,MEX_2021_01,México,2021-04-01,2021-06-06,2021-06-06,Elecciones intermedias polarizadas,3,national,"La confrontación directa entre el presidente Andrés Manuel López Obrador y los partidos de oposición, junto con organismos autónomos como el INE, marcó un clima de alta polarización durante las elecciones legislativas.",Elecciones federales intermedias marcadas por el choque político entre el Poder Ejecutivo y la coalición opositora.,high,484,
100,MEX_2023_01,México,2023-02-01,2023-03-01,2023-02-26,Movilización masiva en defensa de instituciones electorales,4,national,"La disputa por la reforma electoral ('Plan B') impulsada por el Ejecutivo provocó movilizaciones masivas de la oposición y la sociedad civil en defensa del INE, agudizando la división entre obradoristas y antiobradoristas.",Protesta nacional masiva en el Zócalo y diversas ciudades del país en contra de las reformas al Instituto Nacional Electoral promovidas por el gobierno.,high,484,
101,NIC_1996_ELEC,Nicaragua,1996-10-20,1996-11-15,1996-10-20,elecciones presidenciales polarizadas,3,national,"Elecciones presidenciales altamente disputadas entre Arnoldo Alemán y Daniel Ortega, reviviendo la polarización de la década de 1980 entre el sandinismo y el antisandinismo.",Proceso electoral presidencial marcado por una intensa confrontación ideológica y denuncias de irregularidades que polarizaron profundamente a la sociedad nicaragüense.,high,558,
102,NIC_1999_PACTO,Nicaragua,1999-01-15,1999-03-30,1999-01-20,crisis institucional,3,national,"El 'Pacto Alemán-Ortega' (El Pacto) reconfiguró el sistema político para repartirse instituciones clave entre el PLC y el FSLN, marginando a sectores independientes y generando un profundo rechazo y polarización en la oposición democrática.","Negociaciones y acuerdos cupulares entre Arnoldo Alemán y Daniel Ortega para reformar la Constitución y las instituciones electorales y judiciales, generando una crisis de representación y protesta política.",high,558,
103,NIC_2001_ELEC,Nicaragua,2001-10-01,2001-11-05,2001-11-04,elecciones presidenciales polarizadas,3,national,"Nueva confrontación electoral polarizada entre Enrique Bolaños (PLC) y Daniel Ortega (FSLN), en un contexto marcado por los efectos políticos del Pacto y la polarización ideológica.","Elecciones presidenciales donde el eje de campaña giró en torno al miedo al retorno del régimen sandinista y la defensa de la democracia liberal, dividiendo fuertemente al electorado.",high,558,
104,NIC_2005_CRISIS_PODERES,Nicaragua,2005-01-05,2005-04-06,2005-01-10,crisis institucional grave,4,national,"Enfrentamiento frontal entre el Poder Ejecutivo (Enrique Bolaños) y la Asamblea Nacional controlada por la alianza PLC-FSLN, que intentó recortar las facultades presidenciales y amenazó con la destitución.",Grave crisis constitucional y de poderes del Estado que paralizó la gobernabilidad y movilizó a los partidos políticos en una lucha abierta por el control institucional.,high,558,
105,NIC_2008_FRAUDE_MUNICIPAL,Nicaragua,2008-11-09,2008-11-30,2008-11-09,crisis electoral y denuncias de fraude,4,national,"Denuncias masivas de fraude electoral en las elecciones municipales de Managua y otras ciudades, que provocaron protestas callejeras, represión y una polarización extrema entre el gobierno de Daniel Ortega y la oposición.","Elecciones municipales fuertemente cuestionadas por la manipulación de los resultados por parte del Consejo Supremo Electoral, consolidando la ruptura institucional y desatando violentos enfrentamientos entre simpatizantes y opositores.",high,558,
106,NIC_2018_PROTESTAS_ABRIL,Nicaragua,2018-04-18,2018-07-19,2018-04-19,protestas masivas y violencia política,5,national,"Estallido social masivo en contra del gobierno de Daniel Ortega y Rosario Murillo, respondido con represión estatal letal, generando una polarización política absoluta e irreconciliable entre el régimen y la ciudadanía opositora.","Rebelión cívica iniciada por reformas a la seguridad social que escaló rápidamente a una demanda nacional por la salida del gobierno, con saldo de cientos de muertos, detenciones masivas y una profunda crisis de derechos humanos.",high,558,
107,NIC_2021_ELEC_FARSAS,Nicaragua,2021-05-01,2021-11-08,2021-11-07,crisis electoral y ruptura política,5,national,"Inhabilitación y arresto sistemático de todos los precandidatos presidenciales de la oposición y la ilegalización de partidos opositores previo a las elecciones, eliminando la competencia y consolidando el régimen de partido hegemónico.","Proceso electoral general carente de legitimidad democrática internacional y nacional, caracterizado por la persecución política total y el aislamiento del régimen orteguista frente a la oposición democrática.",high,558,
108,PAN-1998-001,Panamá,1998-06-01,1998-08-30,1998-08-30,Referéndum constitucional,4,national,Fuerte confrontación entre la administración de Ernesto Pérez Balladares y los partidos de oposición y la sociedad civil en torno a la propuesta de reforma constitucional para permitir la reelección presidencial.,"Referéndum nacional sobre la reforma constitucional que buscaba habilitar la reelección presidencial inmediata, el cual culminó en una rotunda derrota para el gobierno tras un intenso clima de polarización política.",high,591,
109,PAN-2005-001,Panamá,2005-05-25,2005-06-03,2005-06-01,Protestas masivas y huelgas,3,national,"Enfrentamiento entre el gobierno de Martín Torrijos, los sindicatos y gremios magisteriales debido a las reformas inconsultas a la Caja de Seguro Social.","Oleada de protestas callejeras y paros nacionales liderados por sectores sindicales y populares contra las reformas al sistema de seguridad social, generando una severa tensión institucional.",high,591,
110,PAN-2009-001,Panamá,2009-05-03,2009-05-03,2009-05-03,Elección presidencial polarizada,3,national,Disputa electoral altamente polarizada entre la continuidad del Partido Revolucionario Democrático y la alianza opositora liderada por Ricardo Martinelli.,"Elecciones generales marcadas por un discurso de fuerte confrontación contra los partidos tradicionales, resultando en la victoria histórica de Ricardo Martinelli.",high,591,
111,PAN-2010-001,Panamá,2010-06-03,2010-06-10,2010-06-08,Protestas y conflictos sociales,4,regional,Confrontación aguda entre el gobierno central y las comunidades indígenas y sectores populares de la provincia de Bocas del Toro por la aprobación de la Ley 30 (conocida como 'Ley Chorizo').,"Graves disturbios y enfrentamientos violentos en Changuinola, Bocas del Toro, entre manifestantes sindicales y bananeros contra la policía, dejando saldo de heridos y una profunda fractura política.",high,591,
112,PAN-2011-001,Panamá,2011-02-05,2011-02-09,2011-02-07,Protestas y crisis regional,3,regional,Conflicto político-social en la comarca Ngäbe-Buglé por la discusión de reformas a la ley minera impulsada por la administración de Ricardo Martinelli.,Cierres de vías principales y enfrentamientos con la fuerza pública en la vía Interamericana en rechazo a las concesiones mineras e hidroeléctricas.,high,591,
113,PAN-2012-001,Panamá,2012-01-30,2012-02-09,2012-02-06,Protestas masivas y crisis indígena,4,national,Choque frontal entre el gobierno de Ricardo Martinelli y la Comarca Ngäbe-Buglé por la explotación de recursos minerales y la prohibición de hidroeléctricas.,"Intensos enfrentamientos, paralización de la vía Panamericana y detenciones masivas que generaron una crisis nacional y cuestionamientos severos al manejo del orden público por parte del Ejecutivo.",high,591,
114,PAN-2018-001,Panamá,2018-07-09,2018-07-16,2018-07-11,Huelga general y conflicto laboral,3,national,"Paralización total de la industria de la construcción convocada por el Sindicato Único de Trabajadores de la Construcción y Similares (Suntracs), generando fricciones extremas con el sector empresarial y el gobierno.","Huelga nacional de la construcción que paralizó las principales obras del país durante un mes, marcada por una fuerte tensión entre sindicatos y cámaras empresariales.",high,591,
115,PAN-2019-001,Panamá,2019-10-23,2019-10-31,2019-10-30,Crisis institucional y protestas,4,national,"Rechazo ciudadano masivo ante un paquete de reformas constitucionales aprobado de manera exprés y opaca por la Asamblea Nacional, interpretado como un pacto de impunidad entre la clase política.",Protestas estudiantiles y ciudadanas frente a la Asamblea Nacional que derivaron en enfrentamientos con la policía y forzaron al Ejecutivo a retirar y consensuar las reformas constitucionales.,high,591,
116,PAN-2022-001,Panamá,2022-07-01,2022-07-24,2022-07-18,Protestas masivas y huelga nacional,5,national,"Profunda confrontación entre la ciudadanía, sindicatos, movimientos indígenas y el gobierno de Laurentino Cortizo debido al alto costo de la vida, el precio de los combustibles y la corrupción.","La mayor ola de protestas y cierres de calles desde la invasión de 1989, que paralizó el país durante semanas y obligó a una mesa única de diálogo mediada por la Iglesia Católica.",high,591,
117,PAN-2023-001,Panamá,2023-10-20,2023-11-28,2023-11-07,Protestas nacionales y crisis constitucional,5,national,"Polarización extrema entre la población movilizada en defensa de la soberanía ambiental y el rechazo al contrato ley de la mina de cobre, frente a la postura inicial del gobierno de Laurentino Cortizo y la Asamblea Nacional.","Históricas movilizaciones nacionales, cierres indefinidos de vías y huelgas que culminaron con un fallo unánime de inconstitucionalidad de la Corte Suprema de Justicia contra el contrato minero.",high,591,
118,PRY_1996_04,Paraguay,1996-04-22,1996-04-23,1996-04-23,Crisis institucional y amenaza de golpe de Estado,5,national,"Enfrentamiento frontal entre el presidente Juan Carlos Wasmosy y el jefe del Ejército, general Lino Oviedo, quien exigió la renuncia del mandatario, generando una polarización extrema entre sectores militares y civiles leales a la democracia.","Crisis militar desatada por la negativa del general Lino Oviedo a acatar su pase a retiro ordenado por el presidente Wasmosy, derivando en una tensa vigilia y movilización popular y política que puso en jaque al orden constitucional.",high,600,
119,PRY_1999_03,Paraguay,1999-03-23,1999-03-29,1999-03-26,"Crisis política, asesinato de vicepresidente y renuncia presidencial",5,national,"El magnicidio del vicepresidente Luis María Argaña polarizó profundamente a la facción argañinista y oviedista de la Asociación Nacional Republicana (ANR), movilizando a la ciudadanía en el llamado 'Marzo Paraguayo' y exigiendo la caída del presidente Raúl Cubas.","Una semana de protestas masivas y violentas en los alrededores del Congreso tras el asesinato del vicepresidente Argaña, que culminó con la renuncia del presidente Raúl Cubas Grau y la muerte de varios manifestantes.",high,600,
120,PRY_2012_06,Paraguay,2012-06-15,2012-06-22,2012-06-22,Juicio político exprés y destitución presidencial,5,national,El enfrentamiento entre el presidente Fernando Lugo (Frente Guasu) y la alianza opositora en el Congreso culminó en un juicio político exprés que dividió profundamente a la sociedad paraguaya entre los sectores que lo consideraban un golpe institucional y los que defendían su legalidad constitucional.,"Crisis institucional desencadenada por los enfrentamientos armados en Curuguaty (Curazo de Curuguaty), que sirvieron de base para que el Congreso destituyera al presidente Fernando Lugo en un juicio político sumarísimo.",high,600,
121,PRY_2017_03,Paraguay,2017-03-31,2017-04-01,2017-03-31,Protestas masivas y quema del Congreso,4,national,"La aprobación secreta de la enmienda constitucional pro reelección presidencial por parte de senadores oficialistas y aliados polarizó fuertemente a la clase política y a la ciudadanía, enfrentando al cartismo con una coalición opositora y disidente.","Graves disturbios y enfrentamientos con la policía tras la autoconvocatoria ciudadana y de legisladores opositores en las inmediaciones del Congreso, culminando en el ingreso por la fuerza a la sede legislativa y su posterior incendio parcial, además de la muerte del joven dirigente liberal Rodrigo Quintana.",high,600,
122,PRY_2023_04,Paraguay,2023-04-30,2023-05-05,2023-05-01,Elecciones presidenciales y protestas por denuncias de fraude,4,national,"La contienda electoral y las subsecuentes denuncias de fraude por parte de la oposición (liderada por Paraguayo Cubas) radicalizaron a sectores populares contra el sistema electoral y el partido gobernante (ANR), generando un clima de alta confrontación postelectoral.","Protestas y cortes de rutas impulsados por el candidato presidencial Paraguayo Cubas y sus seguidores tras cuestionar los resultados oficiales de las elecciones generales de 2023, alegando fraude y exigiendo la apertura del sistema de conteo de votos.",high,600,
123,PER_1995_0409,Perú,1995-04-09,1995-04-09,1995-04-09,Elecciones presidenciales altamente polarizadas,2,national,Elecciones generales marcadas por la cuestionada reelección de Alberto Fujimori frente a Javier Pérez de Cuéllar en un contexto de control institucional y polarización sobre el régimen autoritario.,Elecciones presidenciales y parlamentarias de 1995 donde Alberto Fujimori obtuvo la reelección en primera vuelta bajo cuestionamientos sobre la equidad del proceso y el control de los medios.,high,604,
124,PER_2000_0528,Perú,2000-05-28,2000-05-28,2000-05-28,Elecciones presidenciales fraudulentas y disputadas,4,national,"Segunda vuelta electoral altamente cuestionada por denuncias masivas de fraude, lo que profundizó la división nacional y desató protestas generalizadas contra el régimen de Fujimori.","Segunda vuelta de las elecciones presidenciales entre Alberto Fujimori y Alejandro Toledo, la cual fue boicoteada por la oposición tras denuncias de fraude sistemático.",high,604,
125,PER_2000_0728,Perú,2000-07-28,2000-07-28,2000-07-28,Protestas masivas y violencia política,5,national,"La Marcha de los Cuatro Suyos polarizó radicalmente al país entre la oposición democrática y el gobierno autoritario de Alberto Fujimori, derivando en actos de violencia y destrucción de propiedad pública.","Masiva movilización nacional liderada por Alejandro Toledo contra la juramentación de Alberto Fujimori para un tercer período presidencial, marcada por disturbios e incendios en edificios estatales.",high,604,
126,PER_2000_0914,Perú,2000-09-14,2000-09-14,2000-09-14,Crisis institucional y destitución,5,national,La divulgación del primer 'Vladivideo' colapsó la legitimidad del régimen y polarizó profundamente al espectro político entre la caída abrupta del gobierno y los sectores oficialistas.,"Presentación televisiva del primer video de corrupción donde se observa a Vladimiro Montesinos sobornando a un congresista de la oposición, detonando la caída definitiva del régimen fujimorista.",high,604,
127,PER_2005_0727,Perú,2005-07-27,2005-07-29,2005-07-28,Protestas masivas y conflicto social,3,national,Confrontación entre manifestantes antigubernamentales y fuerzas de seguridad durante las celebraciones de Fiestas Patrias en el tramo final del gobierno de Alejandro Toledo.,"Protestas del Frente Popular del Perú y diversos gremios contra el gobierno de Alejandro Toledo, generando fuertes enfrentamientos en el centro de Lima.",medium,604,
128,PER_2006_0604,Perú,2006-06-04,2006-06-04,2006-06-04,Elecciones presidenciales altamente polarizadas,4,national,Polarización ideológica extrema entre el modelo estatista-nacionalista de Ollanta Humala y el modelo liberal-institucional de Alan García.,"Segunda vuelta de las elecciones presidenciales de 2006 que enfrentó a Alan García y Ollanta Humala, dividiendo profundamente a la ciudadanía peruana.",high,604,
129,PER_2009_0605,Perú,2009-06-05,2009-06-06,2009-06-05,Episodio de violencia política de gran magnitud,5,national,"Conflicto abierto entre el gobierno de Alan García y las comunidades indígenas amazónicas movilizadas contra decretos legislativos, resultando en un choque con alta carga de polarización étnica y política.","El 'Baguazo', violento enfrentamiento entre policías y nativos indígenas que bloqueaban la carretera Fernando Belaúnde Terry en Bagua, con un saldo trágico de muertes de civiles y policías.",high,604,
130,PER_2011_0605,Perú,2011-06-05,2011-06-05,2011-06-05,Elecciones presidenciales altamente polarizadas,4,national,Profunda división ideológica y social entre el antifujimorismo y la izquierda nacionalista de Ollanta Humala frente al sector conservador y pro-mercado representado por Keiko Fujimori.,"Segunda vuelta presidencial de 2011 entre Ollanta Humala y Keiko Fujimori, caracterizada por una intensa polarización social y económica.",high,604,
131,PER_2016_0605,Perú,2016-06-05,2016-06-05,2016-06-05,Elecciones presidenciales altamente polarizadas,4,national,Disputa electoral extremadamente cerrada y polarizada entre el fujimorismo (Fuerza Popular) y el antifujimorismo aglutinado en torno a Pedro Pablo Kuczynski.,"Segunda vuelta de las elecciones presidenciales de 2016 que dio la victoria por estrecho margen a Pedro Pablo Kuczynski sobre Keiko Fujimori, configurando una severa confrontación de poderes.",high,604,
132,PER_2017_1221,Perú,2017-12-15,2017-12-21,2017-12-21,Intento de destitución presidencial,4,national,Choque frontal entre el Poder Ejecutivo liderado por Pedro Pablo Kuczynski y una mayoría parlamentaria opositora dominada por Fuerza Popular que intentó destituirlo.,"Primer proceso de vacancia presidencial contra Pedro Pablo Kuczynski por incapacidad moral a raíz de sus vínculos con la empresa Odebrecht, el cual fracasó por pocos votos.",high,604,
133,PER_2018_0321,Perú,2018-03-15,2018-03-23,2018-03-21,Renuncia presidencial producida por crisis política,5,national,La confrontación extrema entre Ejecutivo y Legislativo culminó en la renuncia forzada del presidente tras la difusión de los 'Mani場合はvideos' (videos de compra de votos).,Renuncia de Pedro Pablo Kuczynski a la presidencia de la República ante la inminente aprobación de su vacancia por el Congreso.,high,604,
134,PER_2018_1209,Perú,2018-12-09,2018-12-09,2018-12-09,Referéndum altamente polarizante,3,national,Confrontación política entre el gobierno de Martín Vizcarra y el Congreso opositor en torno a reformas constitucionales y la prohibición de la reelección parlamentaria.,"Referéndum nacional convocado por el presidente Martín Vizcarra para aprobar reformas constitucionales relativas al sistema judicial, financiamiento de partidos y bicameralidad.",high,604,
135,PER_2019_0930,Perú,2019-09-30,2019-09-30,2019-09-30,Crisis constitucional y disolución del Congreso,5,national,"Ruptura institucional y choque de poderes inédito donde el Ejecutivo disolvió constitucionalmente al Congreso de la República, generando una polarización extrema entre sectores fujimoristas y oficialistas.",Disolución constitucional del Congreso de la República por parte del presidente Martín Vizcarra tras una disputa sobre la elección de miembros del Tribunal Constitucional.,high,604,
136,PER_2020_1109,Perú,2020-11-09,2020-11-15,2020-11-10,Destitución presidencial y protestas masivas,5,national,La destitución de Martín Vizcarra por el Congreso generó una masiva indignación ciudadana y una aguda crisis institucional que polarizó a la sociedad entre la defensa del orden democrático y la legitimidad del nuevo gobierno.,"Vacancia de Martín Vizcarra aprobada por el Congreso y posterior asunción de Manuel Merino, lo que desató las mayores protestas callejeras desde el año 2000 ('Generación del Bicentenario').",high,604,
137,PER_2021_0606,Perú,2021-06-06,2021-07-19,2021-06-06,Elecciones presidencial altamente polarizadas y disputadas,5,national,"Enfrentamiento polarizador extremo entre el modelo comunista/estatista de Pedro Castillo y el modelo conservador de Keiko Fujimori, seguido por un prolongado proceso de impugnaciones y denuncias de fraude sin sustento.",Segunda vuelta de las elecciones presidenciales de 2021 y posterior crisis por la dilatada revisión de actas electorales e intentos de invalidar los comicios.,high,604,
138,PER_2022_1207,Perú,2022-12-07,2022-12-07,2022-12-07,Golpe de Estado e intento de ruptura constitucional,5,national,"Intento fallido de autogolpe de Estado por parte de Pedro Castillo, lo que provocó su destitución inmediata y la fractura definitiva de sus bases políticas frente al Congreso y los poderes del Estado.","El expresidente Pedro Castillo anuncia la disolución temporal del Congreso y la intervención del sistema de justicia, acción calificada como golpe de Estado que derivó en su destitución y detención.",high,604,
139,PER_2022_1208,Perú,2022-12-08,2023-03-01,2022-12-14,Protestas masivas y episodios de violencia política de gran magnitud,5,national,"Ola de protestas insurreccionales y bloqueos de carreteras en el sur del país exigiendo la renuncia de Dina Boluarte, el cierre del Congreso y una Asamblea Constituyente, con fuertes enfrentamientos con las fuerzas del orden.","Estallido social posterior a la destitución de Pedro Castillo, caracterizado por violentas movilizaciones en regiones andinas y el sur del país, con decenas de fallecidos en enfrentamientos.",high,604,
140,URY_1999_ELEC,Uruguay,1999-10-31,1999-11-28,1999-11-28,Elecciones presidenciales altamente polarizadas,3,national,Primera elección presidencial bajo el nuevo sistema de balotaje y con la irrupción competitiva del Encuentro Progresista-Frente Amplio desafiando el tradicional bipartidismo de blancos y colorados.,Elecciones nacionales y segunda vuelta (balotaje) de 1999 que consolidaron un escenario de tercios políticos y una alta polarización ideológica entre la izquierda y los partidos tradicionales.,high,858,
141,URY_2003_ENTEL,Uruguay,2003-12-07,2003-12-07,2003-12-07,Referéndum altamente polarizante,4,national,"Enfrentamiento político directo entre el gobierno de Jorge Batlle y la coalición gobernante tradicional apoyando la asociación de ANTEL, frente al Frente Amplio y el sindicalismo que impulsaron la derogación de la ley.","Referéndum abrogatorio de la ley de asociación de la empresa estatal de telecomunicaciones (ANTEL) con capitales privados, que resultó en una dura derrota para el gobierno y un clivaje político muy marcado.",high,858,
142,URY_2004_ELEC,Uruguay,2004-10-31,2004-10-31,2004-10-31,Elecciones presidenciales extraordinarias,4,national,"Triunfo histórico y polarizante de la izquierda (Frente Amplio) en primera vuelta, rompiendo con más de 170 años de hegemonía bipartidista del Partido Colorado y el Partido Nacional.",Elecciones nacionales de octubre de 2004 que llevaron a Tabaré Vázquez a la presidencia y reconfiguraron profundamente el mapa político nacional.,high,858,
143,URY_2009_VOTO_VERDE,Uruguay,2009-10-25,2009-10-25,2009-10-25,Plebiscito polarizante,3,national,"Intenso debate político nacional sobre la anulación de la Ley de Caducidad de la Pretensión Punitiva del Estado (impunidad sobre delitos de la dictadura), generando fuertes divisiones dentro del sistema político y la sociedad.","Plebiscito simultáneo a la primera vuelta electoral de 2009 sobre la anulación de la Ley de Caducidad, que no alcanzó el quorum requerido pero polarizó fuertemente a los partidos y organizaciones de derechos humanos.",high,858,
144,URY_2019_ELEC,Uruguay,2019-10-27,2019-11-24,2019-11-24,Elecciones presidenciales altamente disputadas,4,national,"Confrontación polarizada entre la continuidad del Frente Amplio y la articulación de una coalición opositora policlasista liderada por Luis Lacalle Pou, definida por un margen muy estrecho en el balotaje.",Ciclo electoral de 2019 caracterizado por un resultado extremadamente ajustado en la segunda vuelta y la conformación inédita de una coalición multicolor opositora.,high,858,
145,VEN_1999_04_25,Venezuela,1999-04-25,1999-04-25,1999-04-25,Referéndum,3,national,"Aprobación mediante referéndum del proceso constituyente impulsado por Hugo Chávez para redactar una nueva Constitución, fracturando el sistema político tradicional.","Referéndum consultivo convocado para decidir sobre la conveniencia de convocar a una Asamblea Nacional Constituyente, marcando el inicio de la confrontación institucional entre el nuevo gobierno y los poderes tradicionales.",high,862,
146,VEN_2001_11_13,Venezuela,2001-11-13,2001-12-10,2001-12-10,Huelga general y conflicto político,4,national,"Enfrentamiento entre el sector empresarial (Fedecámaras), la central sindical (CTV) y el gobierno por la promulgación de 49 leyes habilitantes, unificando a la oposición.","Paro cívico nacional convocado por Fedecámaras y la CTV en rechazo a las leyes habilitantes aprobadas por el presidente Hugo Chávez, culminando en una masiva manifestación y la primera huelga general exitosa contra el gobierno.",high,862,
147,VEN_2002_04_11,Venezuela,2002-04-09,2002-04-14,2002-04-11,Golpe de Estado y crisis institucional,5,national,Ruptura institucional extrema y violencia armada en las calles que derivó en la breve destitución de Hugo Chávez y la polarización absoluta entre chavismo y antichavismo.,"Crisis política extrema iniciada con una marcha opositora hacia el Palacio de Miraflores que derivó en enfrentamientos armados con saldo mortal, el derrocamiento temporal de Hugo Chávez y la autoproclamación de Pedro Carmona como presidente.",high,862,
148,VEN_2002_12_02,Venezuela,2002-12-02,2003-02-03,2002-12-02,Huelga general petrolera,5,national,"Paralización de la principal industria del país (PDVSA) como mecanismo de presión extrema para forzar la salida del gobierno, generando una división profunda en la sociedad.","Paro petrolero y huelga general indefinida convocada por la oposición, la alta gerencia de PDVSA y partidos políticos para exigir la renuncia de Hugo Chávez o la realización de elecciones anticipadas.",high,862,
149,VEN_2004_08_15,Venezuela,2004-08-15,2004-08-15,2004-08-15,Referéndum revocatorio,4,national,"Confrontación electoral polarizada sobre la permanencia del presidente Hugo Chávez en el cargo, seguida de denuncias de fraude (Lista Tascón) y la validación internacional del proceso.","Referéndum revocatorio presidencial cuyo resultado ratificó a Hugo Chávez en el poder, consolidando una profunda fractura social y política entre partidarios y opositores.",high,862,
150,VEN_2007_12_02,Venezuela,2007-12-02,2007-12-02,2007-12-02,Referéndum constitucional,4,national,"Primer revés electoral del chavismo en las urnas frente a una coalición opositora reorganizada, discutiendo la reforma total de la Constitución hacia el socialismo del siglo XXI.","Referéndum sobre la reforma constitucional propuesta por el presidente Hugo Chávez para permitir la reelección indefinida y ampliar los poderes del Estado, la cual fue rechazada por estrecho margen.",high,862,
151,VEN_2013_04_14,Venezuela,2013-04-14,2013-04-19,2013-04-14,Elección presidencial y crisis poselectoral,5,national,"Elección altamente cuestionada por la oposición tras la muerte de Hugo Chávez, con un resultado muy ajustado que no fue reconocido inicialmente y derivó en protestas violentas.","Elecciones presidenciales extraordinarias ganadas por Nicolás Maduro frente a Henrique Capriles por un margen muy estrecho, acompañadas del no reconocimiento de los resultados por la oposición y protestas con saldo de víctimas.",high,862,
152,VEN_2014_02_12,Venezuela,2014-02-12,2014-06-30,2014-02-12,Protestas masivas y violencia política,5,national,"Ola nacional de protestas conocida como 'La Salida', con fuerte represión estatal, barricadas ('guarimbas') y la polarización extrema entre sectores estudiantiles/opositores y el gobierno.","Inicio de protestas antigubernamentales a gran escala convocadas por líderes opositores bajo la consigna de exigir la renuncia de Nicolás Maduro, generando meses de enfrentamientos callejeros y detenciones.",high,862,
153,VEN_2015_12_06,Venezuela,2015-12-06,2015-12-06,2015-12-06,Elecciones parlamentarias,4,national,"Victoria aplastante de la oposición (MUD) que le otorga la mayoría calificada en la Asamblea Nacional, generando un choque inminente de poderes.","Elecciones legislativas en las que la oposición obtuvo una histórica mayoría calificada en la Asamblea Nacional, alterando drásticamente el mapa de poder institucional.",high,862,
154,VEN_2016_10_20,Venezuela,2016-10-20,2016-10-21,2016-10-20,Crisis constitucional y suspensión de referéndum,5,national,"Bloqueo institucional definitivo del referéndum revocatorio presidencial por parte de tribunales penales inferiores, anulando la vía electoral pacífica.","Suspensión judicial del proceso de recolección de firmas para el referéndum revocatorio contra Nicolás Maduro, generando una grave crisis institucional y la ruptura del hilo constitucional.",high,862,
155,VEN_2017_03_30,Venezuela,2017-03-30,2017-04-01,2017-03-30,Sentencias del TSJ y autogolpe,5,national,"Arrebatamiento de las competencias de la Asamblea Nacional por el Tribunal Supremo de Justicia, catalogado nacional e internacionalmente como una ruptura del orden democrático.","El Tribunal Supremo de Justicia emitió sentencias mediante las cuales asumía las competencias del Parlamento opositor, desatando una condena generalizada y el inicio de la ola de protestas más violenta de la historia reciente del país.",high,862,
156,VEN_2017_04_01,Venezuela,2017-04-01,2017-07-31,2017-04-19,Protestas masivas y represión,5,national,"Confrontación callejera masiva durante cuatro meses con represión estatal sistemática, muertos, heridos y la convocatoria unilateral a una Asamblea Nacional Constituyente.","Ola de protestas antigubernamentales masivas y prolongadas en respuesta a la ruptura del orden constitucional, que dejó más de 120 muertos y culminó con la elección de una Asamblea Nacional Constituyente plenipotenciaria.",high,862,
157,VEN_2017_07_30,Venezuela,2017-07-30,2017-07-30,2017-07-30,Elección de Asamblea Nacional Constituyente,5,national,"Elección rechazada y boicoteada masivamente por la oposición y desconocida por la comunidad internacional, creando un poder supra-constitucional que desplazó al Parlamento.","Elección de los miembros de la Asamblea Nacional Constituyente sin participación de la oposición, en medio de un clima de alta violencia, denuncias de fraude masivo en la participación y rechazo internacional.",high,862,
158,VEN_2018_05_20,Venezuela,2018-05-20,2018-05-20,2018-05-20,Elección presidencial cuestionada,5,national,"Elección presidencial boicoteada por la principal coalición opositora y no reconocida por decenas de democracias occidentales, deslegitimando el origen del poder ejecutivo.",Elecciones presidenciales adelantadas en las que Nicolás Maduro resultó reelecto en un proceso considerado fraudulento y sin garantías democráticas por la oposición y la comunidad internacional.,high,862,
159,VEN_2019_01_23,Venezuela,2019-01-23,2019-02-23,2019-01-23,Crisis presidencial y gobierno interino,5,national,"Dualidad de poderes en el Estado venezolano, con la juramentación de Juan Guaidó como presidente interino reconocido por más de 50 países frente al gobierno de Nicolás Maduro.","Juramentación de Juan Guaidó, presidente de la Asamblea Nacional, como presidente interino de Venezuela amparado en la Constitución, generando una confrontación política global y masivas movilizaciones nacionales e internacionales.",high,862,
160,VEN_2024_07_28,Venezuela,2024-07-28,2024-08-10,2024-07-29,Elección presidencial y crisis poselectoral,5,national,"Disputa radical sobre los resultados electorales, con la publicación de actas electorales por parte de la oposición que daban la victoria a Edmundo González Urrutia frente a la proclamación oficial de Nicolás Maduro, generando protestas y represión.","Elección presidencial altamente polarizada seguida de una crisis institucional y política por el rechazo de los resultados oficiales por parte de la oposición y gran parte de la comunidad internacional, desatando protestas masivas y una ola de detenciones.",high,862,
