,event_id,country,start_date,end_date,event_day,event_type,intensity,national_scope,polarization_mechanism,description,confidence,country_id
0,ARG_2001_CRISIS,Argentina,2001-12-13,2001-12-21,2001-12-20,Crisis institucional y renuncia presidencial,5,national,Colapso del orden institucional y enfrentamientos masivos que fracturaron la legitimidad del sistema político tradicional.,Crisis social y política que culminó con la renuncia del presidente Fernando de la Rúa tras violentas protestas y estado de sitio.,high,32
1,ARG_2008_CONFLICTO_CAMPO,Argentina,2008-03-11,2008-07-17,2008-07-17,Conflicto social y político masivo,4,national,"División profunda de la sociedad argentina entre el gobierno kirchnerista y el sector agropecuario, creando una grieta ideológica persistente.","Conflicto por la Resolución 125 sobre retenciones móviles a la exportación de granos, que derivó en movilizaciones masivas y un voto no positivo en el Senado.",high,32
2,ARG_2015_ELECCIONES_BALLOTAGE,Argentina,2015-11-22,2015-11-22,2015-11-22,Elección presidencial polarizada,3,national,"Primera elección presidencial con balotaje en la historia argentina, consolidando la división entre el modelo kirchnerista y la coalición opositora Cambiemos.","Segunda vuelta electoral entre Daniel Scioli y Mauricio Macri, marcando un punto de inflexión en la alternancia política del país.",high,32
3,ARG_2017_REFORMA_PREVISIONAL,Argentina,2017-12-14,2017-12-18,2017-12-18,Protestas masivas y violencia política,4,national,Enfrentamiento violento en el Congreso que simbolizó la radicalización de la oposición contra las reformas del gobierno de Macri.,Jornadas de intensas protestas y represión policial en las inmediaciones del Congreso durante el debate de la reforma previsional.,high,32
4,ARG_2022_ATENTADO_CFK,Argentina,2022-09-01,2022-09-01,2022-09-01,Violencia política extrema,5,national,"El intento de magnicidio exacerbó el discurso de odio y la confrontación entre los bloques políticos, acusándose mutuamente de instigar la violencia.",Intento de asesinato contra la vicepresidenta Cristina Fernández de Kirchner en la puerta de su domicilio.,high,32
5,BOL_2000_04,Bolivia,2000-04-04,2000-04-14,2000-04-08,Protestas masivas,4,national,"La Guerra del Agua generó una fractura profunda entre el gobierno de Hugo Banzer y los movimientos sociales, cuestionando la legitimidad de las políticas de privatización y el modelo estatal.",Guerra del Agua en Cochabamba y movilizaciones nacionales contra la privatización de servicios básicos.,high,68
6,BOL_2003_10,Bolivia,2003-09-15,2003-10-17,2003-10-17,Renuncia presidencial,5,national,"La Guerra del Gas polarizó al país entre sectores indígenas/populares y el establishment político, culminando en la renuncia de Gonzalo Sánchez de Lozada tras una violenta represión.",Guerra del Gas y caída del gobierno de Gonzalo Sánchez de Lozada.,high,68
7,BOL_2005_06,Bolivia,2005-05-16,2005-06-09,2005-06-09,Renuncia presidencial,4,national,"Movilizaciones masivas que exigían la nacionalización de hidrocarburos y la convocatoria a una Asamblea Constituyente, forzando la salida de Carlos Mesa.",Crisis política de 2005 que derivó en la renuncia de Carlos Mesa.,high,68
8,BOL_2008_09,Bolivia,2008-08-01,2008-09-15,2008-09-11,Violencia política,5,national,"Enfrentamiento violento entre sectores afines al gobierno de Evo Morales y la oposición regional (Media Luna), resultando en la Masacre de Porvenir.",Crisis política y enfrentamientos violentos en el departamento de Pando.,high,68
9,BOL_2016_02,Bolivia,2016-02-21,2016-02-22,2016-02-21,Referéndum,4,national,El referéndum sobre la reelección presidencial dividió al país entre quienes apoyaban la continuidad de Evo Morales y quienes defendían el respeto a los límites constitucionales.,Referéndum constitucional del 21 de febrero (21F).,high,68
10,BOL_2019_11,Bolivia,2019-10-20,2019-11-12,2019-11-10,Crisis electoral y renuncia presidencial,5,national,"Denuncias de fraude electoral seguidas de protestas masivas y la renuncia de Evo Morales, creando una división irreconciliable sobre la legitimidad del proceso y el cambio de mando.",Crisis post-electoral de 2019 y renuncia de Evo Morales.,high,68
11,BOL_2022_10,Bolivia,2022-10-22,2022-11-26,2022-10-22,Paro cívico nacional,4,national,"El paro indefinido en Santa Cruz por el censo generó una confrontación directa entre el gobierno central y los comités cívicos, reavivando las tensiones regionales y políticas.",Paro cívico de 36 días en Santa Cruz por el Censo de Población y Vivienda.,high,68
12,BRA_2005_MENSALAO,Brazil,2005-06-06,2005-12-01,2005-08-24,Crisis institucional,4,national,"El escándalo de corrupción 'Mensalão' fracturó la base política del gobierno de Lula, generando una profunda división entre el PT y la oposición, y erosionando la confianza en las instituciones democráticas.",,high,76
13,BRA_2013_PROTESTAS_JUNIO,Brazil,2013-06-06,2013-07-31,2013-06-20,Protestas masivas,4,national,"Las protestas masivas de junio de 2013 marcaron el inicio de una ruptura social y política, exponiendo el descontento con la clase política tradicional y polarizando la opinión pública sobre el modelo de gestión del PT.",,high,76
14,BRA_2016_IMPEACHMENT_DILMA,Brazil,2015-12-02,2016-08-31,2016-08-31,Destitución presidencial,5,national,"El proceso de destitución de Dilma Rousseff dividió al país en dos bloques irreconciliables, etiquetando el proceso como 'golpe' por un sector y como 'restauración democrática' por otro.",,high,76
15,BRA_2018_ELECCIONES_PRESIDENCIALES,Brazil,2018-08-16,2018-10-28,2018-10-28,Elecciones presidenciales polarizadas,4,national,"La elección de Jair Bolsonaro frente a Fernando Haddad consolidó la polarización ideológica entre el bolsonarismo y el petismo, transformando la contienda en una disputa de valores culturales y existenciales.",,high,76
16,BRA_2022_ELECCIONES_PRESIDENCIALES,Brazil,2022-08-16,2022-10-30,2022-10-30,Elecciones presidenciales polarizadas,5,national,"La elección más reñida de la historia reciente, marcada por la deslegitimación del sistema electoral por parte del candidato oficialista y una movilización social extrema en ambos bandos.",,high,76
17,BRA_2023_ASALTO_BRASILIA,Brazil,2023-01-08,2023-01-08,2023-01-08,Intento de golpe de Estado,5,national,"El asalto a las sedes de los tres poderes representó el punto máximo de la ruptura democrática, evidenciando la radicalización de los sectores que no aceptaron el resultado electoral de 2022.",,high,76
18,CHL-1998-001,Chile,1998-10-16,2000-03-02,1998-10-16,Crisis institucional y política,4,national,"La detención de Augusto Pinochet en Londres fracturó a la sociedad chilena entre quienes exigían justicia internacional y quienes denunciaban una vulneración a la soberanía nacional, reactivando la división del plebiscito de 1988.","Detención de Augusto Pinochet en Londres por orden del juez Baltasar Garzón, generando una profunda crisis política y social en Chile.",high,152
19,CHL-2006-001,Chile,2006-04-27,2006-06-01,2006-05-30,Movimiento social masivo,3,national,"La 'Revolución Pingüina' desafió el modelo educativo heredado de la dictadura, polarizando la opinión pública entre la demanda de reformas estructurales y la defensa de la institucionalidad vigente.",Movilizaciones estudiantiles secundarias masivas que pusieron en jaque al gobierno de Michelle Bachelet y cuestionaron el sistema educativo.,high,152
20,CHL-2011-001,Chile,2011-05-12,2011-12-31,2011-08-04,Movimiento social masivo,4,national,"El movimiento estudiantil de 2011 generó una ruptura política al cuestionar el lucro en la educación y el modelo de desarrollo, enfrentando a la ciudadanía contra la clase política tradicional.",Movilizaciones estudiantiles y sociales masivas que paralizaron el país y exigieron cambios profundos al modelo económico y social.,high,152
21,CHL-2019-001,Chile,2019-10-18,2020-03-18,2019-10-25,Crisis política y social,5,national,"El 'Estallido Social' produjo una polarización extrema entre quienes exigían una nueva Constitución y reformas radicales, y quienes defendían el orden público y la institucionalidad vigente, derivando en violencia política generalizada.",Crisis social y política sin precedentes iniciada por protestas estudiantiles que derivó en un estallido nacional contra el gobierno de Sebastián Piñera.,high,152
22,CHL-2022-001,Chile,2022-07-04,2022-09-04,2022-09-04,Referéndum altamente polarizante,4,national,"El plebiscito constitucional de salida dividió al país en dos bloques ideológicos irreconciliables sobre el futuro del Estado, la plurinacionalidad y los derechos sociales.","Plebiscito constitucional de salida donde la propuesta de nueva Constitución fue rechazada por una amplia mayoría, marcando un hito de polarización electoral.",high,152
23,COL_1996_PROCESO_8000,Colombia,1996-01-01,1996-12-15,1996-12-15,Crisis institucional,5,national,La revelación de la financiación del narcotráfico en la campaña presidencial de Ernesto Samper fracturó al país entre quienes exigían su renuncia y quienes defendían la legitimidad del mandato.,,high,170
24,COL_2002_ELECCIONES_PRESIDENCIALES,Colombia,2002-05-26,2002-05-26,2002-05-26,Elecciones presidenciales,4,national,"La elección de Álvaro Uribe Vélez marcó una ruptura ideológica profunda respecto a la política de paz tradicional, polarizando al país entre el uribismo y la oposición de izquierda.",,high,170
25,COL_2008_MARCHA_4_FEBRERO,Colombia,2008-02-04,2008-02-04,2008-02-04,Movilización nacional,3,national,"Movilización masiva contra las FARC que, aunque unificadora en su discurso, profundizó la división política entre el gobierno de Uribe y los sectores críticos que cuestionaban el uso político de la seguridad.",,high,170
26,COL_2016_PLEBISCITO_PAZ,Colombia,2016-10-02,2016-10-02,2016-10-02,Referéndum,5,national,"El plebiscito sobre los acuerdos de paz con las FARC dividió al país en dos bloques irreconciliables, generando una polarización social y política sin precedentes en la historia reciente.",,high,170
27,COL_2019_PARO_NACIONAL,Colombia,2019-11-21,2019-12-10,2019-11-21,Protestas masivas,4,national,"El paro nacional de 2019 consolidó una oposición social masiva contra el gobierno de Iván Duque, exacerbando la confrontación entre movimientos sociales y el establecimiento político.",,high,170
28,COL_2021_PARO_NACIONAL,Colombia,2021-04-28,2021-06-15,2021-05-01,Protestas masivas,5,national,"La intensidad de las protestas y la respuesta estatal generaron una polarización extrema, con enfrentamientos violentos y una narrativa de 'amigos vs enemigos' del Estado.",,high,170
29,COL_2022_ELECCIONES_PRESIDENCIALES,Colombia,2022-06-19,2022-06-19,2022-06-19,Elecciones presidenciales,4,national,"La victoria de Gustavo Petro representó el primer triunfo de la izquierda en la historia moderna, consolidando una división política profunda entre el proyecto progresista y las fuerzas tradicionales.",,high,170
30,CR_2000_ICE,Costa Rica,2000-03-20,2000-04-04,2000-03-27,Protestas masivas,4,national,Movilización social masiva contra la privatización del ICE que paralizó el país y generó una fuerte división entre sectores sindicales y el gobierno.,"El 'Combo del ICE' provocó una huelga nacional de dos semanas con bloqueos y enfrentamientos, marcando un hito de polarización social frente a las reformas neoliberales.",high,188
31,CR_2007_TLC,Costa Rica,2007-02-01,2007-10-07,2007-10-07,Referéndum,5,national,"El referéndum sobre el TLC con EE.UU. dividió al país en dos bandos irreconciliables, generando una campaña de alta confrontación ideológica.","Primer referéndum en la historia del país, que polarizó a la sociedad entre defensores del libre comercio y movimientos sociales/sindicales.",high,188
32,CR_2018_Huelga,Costa Rica,2018-09-10,2018-11-20,2018-09-12,Huelga general,4,national,"La huelga contra la reforma fiscal generó una profunda brecha entre el sector público y el gobierno, con una fuerte polarización en la opinión pública.","Huelga nacional prolongada contra el Plan Fiscal, caracterizada por bloqueos, marchas masivas y una retórica de confrontación política intensa.",high,188
33,CR_2022_Elecciones,Costa Rica,2022-02-06,2022-04-03,2022-04-03,Elecciones presidenciales,3,national,La campaña electoral se caracterizó por una polarización inusual basada en ataques personales y la irrupción de un discurso antisistema que fracturó el consenso político tradicional.,"Segunda ronda electoral altamente polarizada entre Rodrigo Chaves y José María Figueres, marcada por una fuerte división ideológica y mediática.",high,188
34,DOM-1996-001,República Dominicana,1996-05-16,1996-06-30,1996-06-30,Elecciones presidenciales polarizadas,4,national,El 'Frente Patriótico' entre Balaguer y Bosch contra Peña Gómez generó una división ideológica y racial profunda en la sociedad dominicana.,Segunda vuelta electoral marcada por una fuerte polarización entre el PRD de José Francisco Peña Gómez y la alianza del PLD y el Partido Reformista.,high,214
35,DOM-2000-001,República Dominicana,2000-05-16,2000-05-16,2000-05-16,Elecciones presidenciales controversiales,3,national,La tensión por la posible segunda vuelta y la resistencia del partido gobernante a reconocer la victoria en primera vuelta del PRD.,Elecciones presidenciales donde la amenaza de una crisis institucional por la falta de mayoría absoluta del PRD generó alta tensión política.,high,214
36,DOM-2012-001,República Dominicana,2012-05-20,2012-05-20,2012-05-20,Elecciones presidenciales polarizadas,3,national,"Intensa confrontación entre el PLD y el PRD, con denuncias de uso de recursos del Estado y una campaña de ataques personales sin precedentes.",Elecciones presidenciales marcadas por una polarización extrema entre Danilo Medina y Hipólito Mejía.,high,214
37,DOM-2020-001,República Dominicana,2020-02-16,2020-02-18,2020-02-16,Crisis institucional y protestas masivas,5,national,La suspensión de las elecciones municipales por fallos técnicos generó una ruptura de confianza en el sistema democrático y movilizaciones masivas contra el gobierno.,"Suspensión de las elecciones municipales por fallos en el voto automatizado, provocando protestas masivas en la Plaza de la Bandera.",high,214
38,ECU_1997_02_06,Ecuador,1997-02-05,1997-02-11,1997-02-06,Crisis institucional / Destitución presidencial,5,national,"Destitución del presidente Abdalá Bucaram por el Congreso bajo la figura de incapacidad mental, generando una crisis de legitimidad y enfrentamiento entre poderes del Estado.",,high,218
39,ECU_2000_01_21,Ecuador,2000-01-21,2000-01-22,2000-01-21,Golpe de Estado / Crisis institucional,5,national,"Levantamiento indígena y militar que derrocó al presidente Jamil Mahuad, fracturando la confianza en las instituciones democráticas y polarizando a la sociedad entre el estamento militar/indígena y la clase política tradicional.",,high,218
40,ECU_2005_04_20,Ecuador,2005-04-13,2005-04-20,2005-04-20,Crisis institucional / Destitución presidencial,5,national,"Rebelión de los Forajidos que culminó en la destitución del presidente Lucio Gutiérrez, evidenciando una profunda división entre la ciudadanía movilizada y el gobierno de turno.",,high,218
41,ECU_2010_09_30,Ecuador,2010-09-30,2010-09-30,2010-09-30,Crisis política / Intento de golpe,5,national,"Sublevación policial que derivó en un enfrentamiento violento y una crisis de seguridad, profundizando la polarización entre el correísmo y sus opositores.",,high,218
42,ECU_2019_10_13,Ecuador,2019-10-03,2019-10-13,2019-10-13,Protestas masivas / Crisis política,4,national,Paro nacional contra la eliminación de subsidios a los combustibles que generó una confrontación extrema entre el movimiento indígena y el gobierno de Lenín Moreno.,,high,218
43,ECU_2022_06_30,Ecuador,2022-06-13,2022-06-30,2022-06-30,Protestas masivas / Crisis política,4,national,"Paro nacional liderado por la CONAIE que paralizó el país y llevó al gobierno de Guillermo Lasso al borde de la destitución parlamentaria, exacerbando la división social.",,high,218
44,ECU_2023_05_17,Ecuador,2023-05-17,2023-05-17,2023-05-17,Crisis constitucional / Muerte cruzada,4,national,"Disolución de la Asamblea Nacional por parte del presidente Guillermo Lasso en medio de un juicio político, marcando un punto de ruptura institucional sin precedentes en la historia reciente.",,high,218
45,SLV-2006-001,El Salvador,2006-07-05,2006-07-05,2006-07-05,Violencia política,4,national,"Enfrentamiento armado entre manifestantes y la policía durante una protesta estudiantil que resultó en muertes, exacerbando la desconfianza entre el gobierno de ARENA y los movimientos sociales de izquierda.",Enfrentamientos en la Universidad de El Salvador durante una protesta que derivó en la muerte de agentes policiales y manifestantes.,high,222
46,SLV-2009-001,El Salvador,2009-03-15,2009-03-15,2009-03-15,Elección presidencial polarizada,3,national,"Primera victoria electoral de la ex-guerrilla FMLN, marcando una ruptura histórica con el bipartidismo de derecha y generando una fuerte división ideológica en la sociedad.","Elecciones presidenciales donde Mauricio Funes del FMLN derrotó a Rodrigo Ávila de ARENA, terminando con 20 años de gobierno de derecha.",high,222
47,SLV-2020-001,El Salvador,2020-02-09,2020-02-09,2020-02-09,Crisis institucional,5,national,"El Ejecutivo irrumpió en la Asamblea Legislativa con militares y policías para presionar la aprobación de un préstamo, lo que fue calificado como un intento de golpe de Estado y profundizó la brecha entre el gobierno y los partidos tradicionales.","Toma de la Asamblea Legislativa por parte del presidente Nayib Bukele, escoltado por fuerzas armadas.",high,222
48,SLV-2021-001,El Salvador,2021-05-01,2021-05-01,2021-05-01,Crisis institucional,4,national,"La nueva Asamblea Legislativa destituyó a los magistrados de la Sala de lo Constitucional y al Fiscal General, consolidando el poder del Ejecutivo y eliminando los contrapesos institucionales.",Destitución de magistrados de la Sala de lo Constitucional y del Fiscal General por parte de la Asamblea Legislativa controlada por Nuevas Ideas.,high,222
49,SLV-2021-002,El Salvador,2021-09-15,2021-09-15,2021-09-15,Protestas masivas,3,national,"Movilización masiva contra el gobierno de Bukele, centrada en la adopción del Bitcoin como moneda de curso legal y la deriva autoritaria, evidenciando la fractura social entre seguidores y opositores.",Marchas masivas en San Salvador contra las políticas del gobierno de Nayib Bukele.,high,222
50,GTM-1999-05-16,Guatemala,1999-05-16,1999-05-16,1999-05-16,Referéndum,3,national,El referéndum sobre reformas constitucionales derivadas de los Acuerdos de Paz polarizó a la sociedad entre quienes apoyaban la institucionalización de los acuerdos y sectores conservadores que temían cambios en la estructura del Estado.,"Consulta popular sobre reformas constitucionales que resultó en el rechazo de las propuestas, profundizando la división entre los sectores que impulsaban la paz y las élites tradicionales.",high,320
51,GTM-2015-09-02,Guatemala,2015-04-16,2015-09-03,2015-09-02,Crisis institucional y renuncia presidencial,5,national,"La movilización masiva contra la corrupción (Caso La Línea) generó una ruptura entre la ciudadanía organizada y la clase política tradicional, culminando en la renuncia del presidente Otto Pérez Molina.",Crisis política sin precedentes tras el descubrimiento de una red de corrupción aduanera que provocó protestas masivas y la renuncia del presidente.,high,320
52,GTM-2017-08-27,Guatemala,2017-08-25,2017-08-28,2017-08-27,Crisis institucional,4,national,"El intento del presidente Jimmy Morales de expulsar al comisionado de la CICIG, Iván Velásquez, tras ser declarado 'non grato', dividió al país entre defensores de la soberanía nacional y defensores de la lucha contra la impunidad.","Crisis política provocada por el intento del Ejecutivo de expulsar al jefe de la comisión internacional contra la impunidad, generando una fuerte confrontación institucional.",high,320
53,GTM-2023-08-20,Guatemala,2023-06-25,2024-01-14,2023-08-20,Crisis electoral,5,national,La victoria inesperada de Bernardo Arévalo y la posterior judicialización del proceso electoral por parte del Ministerio Público crearon una polarización extrema entre el 'establishment' político-judicial y los sectores que exigían respeto a la voluntad popular.,"Crisis electoral prolongada caracterizada por intentos de inhabilitar al partido ganador, movilizaciones sociales masivas y una amenaza real de ruptura del orden constitucional.",high,320
54,HND-2009-001,Honduras,2009-06-28,2009-06-28,2009-06-28,Golpe de Estado,5,national,"La destitución forzada del presidente Manuel Zelaya fracturó profundamente a la sociedad hondureña entre sectores que apoyaban el orden constitucional y sectores que respaldaban la ruptura institucional, generando una polarización extrema que persistió por años.",Golpe de Estado contra el presidente Manuel Zelaya tras intentar realizar una consulta popular para una Asamblea Nacional Constituyente.,high,340
55,HND-2012-001,Honduras,2012-05-01,2012-05-15,2012-05-03,Crisis institucional,3,national,"La destitución de cuatro magistrados de la Sala de lo Constitucional por parte del Congreso Nacional fue vista como un ataque a la independencia judicial, profundizando la desconfianza entre los poderes del Estado y la ciudadanía.","Destitución de magistrados de la Corte Suprema de Justicia por parte del Congreso Nacional, generando una crisis de poderes y protestas sociales.",high,340
56,HND-2017-001,Honduras,2017-11-26,2017-12-20,2017-12-17,Crisis electoral,5,national,Las denuncias de fraude electoral masivo y la interrupción del sistema de conteo del Tribunal Supremo Electoral provocaron protestas masivas y una división irreconciliable entre la oposición y el gobierno de Juan Orlando Hernández.,"Elecciones generales marcadas por denuncias de fraude, apagones en el sistema de transmisión de resultados y protestas violentas tras la reelección de Juan Orlando Hernández.",high,340
57,HND-2021-001,Honduras,2021-11-28,2021-11-30,2021-11-28,Elección presidencial polarizada,4,national,"La elección representó un choque ideológico total entre el modelo continuista del Partido Nacional y la propuesta de refundación del Partido Libertad y Refundación (Libre), con una alta movilización ciudadana y temor a una nueva crisis electoral.","Elecciones generales con alta participación y fuerte confrontación ideológica que resultó en la victoria de Xiomara Castro, marcando un cambio de régimen tras 12 años de gobierno del Partido Nacional.",high,340
58,MEX_1995_ZAPATISTA_CRISIS,Mexico,1995-02-09,1995-02-15,1995-02-09,Crisis institucional y militar,4,national,"La orden de captura contra la dirigencia del EZLN y la incursión militar en Chiapas fracturó a la clase política entre quienes apoyaban la solución militar y quienes exigían diálogo, profundizando la desconfianza hacia el gobierno de Zedillo.","Orden de aprehensión contra el Subcomandante Marcos y ruptura de las negociaciones de paz, provocando una crisis política nacional.",high,484
59,MEX_2006_POST_ELECTION_CRISIS,Mexico,2006-07-02,2006-12-01,2006-07-30,Crisis electoral y movilización masiva,5,national,"La disputa por el resultado electoral presidencial dividió al país en dos bloques irreconciliables, culminando en la toma de Paseo de la Reforma y la autoproclamación de Andrés Manuel López Obrador como 'Presidente Legítimo'.","Protestas masivas y plantón en el centro de la Ciudad de México tras las elecciones presidenciales de 2006, denunciando fraude electoral.",high,484
60,MEX_2012_YO_SOY_132,Mexico,2012-05-11,2012-07-01,2012-05-19,Movimiento social de protesta,3,national,"El movimiento cuestionó la imparcialidad de los medios de comunicación y la legitimidad de la candidatura de Enrique Peña Nieto, generando una fuerte división entre sectores juveniles y el establishment político.","Movimiento estudiantil que surgió tras una visita de Peña Nieto a la Universidad Iberoamericana, derivando en protestas contra la cobertura mediática y el sistema electoral.",high,484
61,MEX_2014_AYOTZINAPA,Mexico,2014-09-26,2014-12-01,2014-11-20,Crisis política y social,4,national,"La desaparición de los 43 estudiantes generó una crisis de legitimidad del Estado, polarizando a la sociedad entre quienes exigían la renuncia del presidente y quienes defendían la 'verdad histórica' oficial.","Desaparición forzada de 43 estudiantes de Ayotzinapa, provocando protestas masivas y una crisis de confianza en las instituciones de seguridad y justicia.",high,484
62,MEX_2017_GASOLINAZO,Mexico,2017-01-01,2017-01-15,2017-01-05,Protestas masivas,3,national,"El aumento drástico en el precio de los combustibles fue percibido como una traición a las promesas de reforma energética, exacerbando el sentimiento anti-establishment y la confrontación con el gobierno federal.","Ola de protestas, bloqueos y saqueos a nivel nacional tras el incremento en los precios de la gasolina.",high,484
63,MEX_2023_INE_PROTESTS,Mexico,2022-11-13,2023-02-26,2023-02-26,Movilización política en defensa de instituciones,4,national,"El conflicto por la reforma electoral ('Plan B') polarizó al país entre el gobierno y sus seguidores, que buscaban reducir el presupuesto del INE, y la oposición, que lo veía como un ataque a la democracia.","Movilizaciones masivas bajo el lema 'El INE no se toca', marcando una ruptura abierta entre el gobierno de López Obrador y sectores de la sociedad civil y oposición.",high,484
64,NIC-1998-001,Nicaragua,1998-01-01,2000-01-01,1999-09-15,Crisis institucional,4,national,"El pacto entre Arnoldo Alemán y Daniel Ortega para reformar la Constitución y repartirse el control de las instituciones del Estado, profundizando la división entre el bipartidismo tradicional y la sociedad civil.","El 'Pacto de la Transición' o 'Pacto Alemán-Ortega' que consolidó un sistema de control compartido entre el PLC y el FSLN, eliminando la competencia política real.",high,558
65,NIC-2008-001,Nicaragua,2008-11-09,2008-11-15,2008-11-09,Crisis electoral,4,national,Denuncias masivas de fraude electoral en las elecciones municipales que desencadenaron protestas violentas y una ruptura total entre el gobierno y la oposición.,"Elecciones municipales marcadas por denuncias de fraude sistemático, lo que provocó una ola de protestas y represión en Managua y otros departamentos.",high,558
66,NIC-2011-001,Nicaragua,2011-11-06,2011-11-10,2011-11-06,Crisis electoral,4,national,"La reelección presidencial de Daniel Ortega, considerada inconstitucional por la oposición, consolidó la polarización entre el oficialismo y una oposición marginada.","Elecciones presidenciales con denuncias de irregularidades y la validación de la reelección continua, exacerbando el conflicto político sobre la legitimidad del sistema.",high,558
67,NIC-2018-001,Nicaragua,2018-04-18,2018-07-15,2018-04-21,Protestas masivas y crisis política,5,national,"El estallido social contra las reformas al seguro social se transformó en una demanda de salida del gobierno, provocando una represión estatal que polarizó radicalmente a la sociedad.","Movilizaciones masivas que derivaron en una crisis política profunda, enfrentamientos violentos y una ruptura definitiva entre el gobierno y la mayoría de la sociedad civil.",high,558
68,NIC-2021-001,Nicaragua,2021-06-02,2021-11-07,2021-11-07,Crisis electoral,5,national,"La detención masiva de precandidatos presidenciales opositores eliminó la competencia política, dejando un escenario de polarización extrema entre el régimen y la disidencia perseguida.","Elecciones generales sin oposición real tras el encarcelamiento de los principales líderes opositores, consolidando un régimen de partido único.",high,558
69,PAN-1998-08-30,Panama,1998-08-30,1998-08-30,1998-08-30,Referéndum constitucional,4,national,Referéndum sobre la reelección presidencial que dividió profundamente a la sociedad entre quienes apoyaban la continuidad de Ernesto Pérez Balladares y quienes temían un retorno al autoritarismo.,"Referéndum para permitir la reelección presidencial inmediata, el cual fue rechazado por la mayoría de los votantes, marcando una derrota política significativa para el gobierno.",high,591
70,PAN-2010-07-08,Panama,2010-07-05,2010-07-10,2010-07-08,Protestas masivas y enfrentamientos,4,national,"La aprobación de la Ley 30 (Ley Chorizo) generó una confrontación violenta entre sindicatos, grupos civiles y el gobierno de Ricardo Martinelli, polarizando la opinión pública sobre el estilo de gobierno autoritario.","Protestas en la provincia de Bocas del Toro y la capital contra la Ley 30, que resultaron en enfrentamientos violentos, muertos y heridos, exacerbando la tensión política nacional.",high,591
71,PAN-2022-07-18,Panama,2022-07-01,2022-07-22,2022-07-18,Huelga general y crisis social,5,national,"Movilización nacional masiva que paralizó el país, enfrentando a organizaciones sociales contra el gobierno de Laurentino Cortizo, cuestionando la legitimidad del sistema político y económico.","Paro nacional indefinido liderado por gremios docentes y sindicatos ante el alto costo de la vida y la corrupción, llevando al país a una crisis de gobernabilidad sin precedentes en décadas.",high,591
72,PAN-2023-11-28,Panama,2023-10-20,2023-11-28,2023-11-28,Crisis constitucional y protestas masivas,5,national,"El contrato minero con First Quantum Minerals dividió al país entre la defensa de la soberanía ambiental y la necesidad económica, provocando una ruptura entre la ciudadanía y la clase política tradicional.","Meses de protestas masivas y bloqueos nacionales que culminaron con el fallo de inconstitucionalidad de la Corte Suprema de Justicia sobre el contrato minero, tras una presión social extrema.",high,591
73,PY_1996_OVIEDO_CRISIS,Paraguay,1996-04-22,1996-04-25,1996-04-23,Crisis institucional / Intento de golpe,5,national,El intento de insubordinación del general Lino Oviedo contra el presidente Juan Carlos Wasmosy fracturó profundamente a las Fuerzas Armadas y a la sociedad entre oviedistas y constitucionalistas.,"Crisis militar provocada por la negativa del general Lino Oviedo a renunciar a la comandancia del Ejército, poniendo en jaque la estabilidad democrática.",high,600
74,PY_1999_MARZO_PARAGUAYO,Paraguay,1999-03-23,1999-03-29,1999-03-26,Crisis política / Renuncia presidencial,5,national,"El asesinato del vicepresidente Luis María Argaña desató una movilización masiva que polarizó al país entre los seguidores del oficialismo (oviedistas) y la oposición civil, resultando en la renuncia de Raúl Cubas.","El 'Marzo Paraguayo' fue una serie de protestas violentas tras el asesinato del vicepresidente Argaña, que culminó con la renuncia del presidente Raúl Cubas Grau.",high,600
75,PY_2012_JUICIO_POLITICO,Paraguay,2012-06-15,2012-06-22,2012-06-22,Juicio político / Destitución presidencial,5,national,La destitución exprés de Fernando Lugo generó una división profunda entre sectores que lo consideraron un golpe parlamentario y sectores que lo vieron como un proceso constitucional legítimo.,"Juicio político al presidente Fernando Lugo tras los sucesos de Curuguaty, que resultó en su destitución por el Congreso.",high,600
76,PY_2017_ENMIENDA_CONSTITUCIONAL,Paraguay,2017-03-31,2017-04-01,2017-03-31,Crisis institucional / Protestas masivas,4,national,El intento de aprobar una enmienda constitucional para permitir la reelección presidencial mediante una sesión irregular del Senado provocó el incendio del Congreso y una fuerte confrontación civil.,Protestas masivas y quema del edificio del Congreso tras la aprobación irregular de una enmienda constitucional para habilitar la reelección de Horacio Cartes.,high,600
77,PY_2021_MARZO_PARAGUAYO_II,Paraguay,2021-03-05,2021-03-10,2021-03-05,Protestas masivas / Crisis política,4,national,"La gestión de la pandemia y la falta de insumos médicos generaron un rechazo masivo contra el gobierno de Mario Abdo Benítez, polarizando a la ciudadanía contra la clase política tradicional.",Movilizaciones ciudadanas masivas exigiendo la renuncia del presidente Mario Abdo Benítez debido a la crisis sanitaria y la corrupción en la gestión de la pandemia.,high,600
78,PER-1995-04-09,Perú,1995-04-09,1995-04-09,1995-04-09,Elección presidencial polarizada,3,national,Reelección de Alberto Fujimori en un contexto de cuestionamiento a la legitimidad democrática y control institucional.,"Elecciones generales donde Fujimori es reelegido tras la autogolpe de 1992, consolidando la división entre fujimoristas y oposición democrática.",high,604
79,PER-2000-07-28,Perú,2000-07-28,2000-07-28,2000-07-28,Crisis institucional y protestas,5,national,La Marcha de los Cuatro Suyos contra la juramentación de Fujimori tras elecciones fraudulentas.,"Movilización masiva nacional que culminó en violencia y represión, marcando el inicio del fin del régimen fujimorista.",high,604
80,PER-2016-06-05,Perú,2016-06-05,2016-06-05,2016-06-05,Elección presidencial altamente polarizada,4,national,Segunda vuelta electoral que dividió al país entre el fujimorismo (Keiko Fujimori) y el antifujimorismo (PPK).,Elecciones extremadamente reñidas que profundizaron la fractura social y política entre los sectores que apoyaban el legado de Fujimori y los que lo rechazaban.,high,604
81,PER-2018-03-23,Perú,2018-03-21,2018-03-23,2018-03-23,Renuncia presidencial,4,national,Crisis de gobernabilidad provocada por la confrontación entre el Ejecutivo y el Congreso dominado por el fujimorismo.,"Renuncia de Pedro Pablo Kuczynski ante la inminente vacancia presidencial, exacerbando la desconfianza en las instituciones.",high,604
82,PER-2020-11-10,Perú,2020-11-09,2020-11-15,2020-11-10,Crisis institucional y destitución,5,national,Vacancia de Martín Vizcarra que desencadenó protestas masivas contra el gobierno de transición de Manuel Merino.,Crisis política aguda que resultó en la destitución presidencial y una ola de protestas nacionales con represión policial.,high,604
83,PER-2021-06-06,Perú,2021-06-06,2021-07-19,2021-06-06,Crisis electoral,5,national,Denuncias de fraude electoral sin pruebas por parte de Keiko Fujimori tras la victoria de Pedro Castillo.,"Periodo de alta tensión social y política tras la segunda vuelta electoral, con movilizaciones de ambos bandos y cuestionamiento al sistema electoral.",high,604
84,PER-2022-12-07,Perú,2022-12-07,2022-12-07,2022-12-07,Intento de golpe de Estado y destitución,5,national,"Intento de Pedro Castillo de disolver el Congreso, seguido de su destitución y detención, provocando una fractura social profunda.","El quiebre del orden constitucional por parte del presidente Castillo y su posterior vacancia, detonando protestas masivas en todo el país.",high,604
85,UY_2003_REFERENDUM_ANCAP,Uruguay,2003-12-07,2003-12-07,2003-12-07,Referéndum,4,national,"Referéndum sobre la ley de asociación de ANCAP que polarizó al país entre el gobierno de coalición y la oposición de izquierda, convirtiéndose en un plebiscito sobre el modelo económico.","Referéndum para derogar la ley de asociación de la empresa estatal ANCAP, resultando en una victoria opositora que marcó un punto de inflexión político.",high,858
86,UY_2019_ELECCIONES_BALOTAJE,Uruguay,2019-11-24,2019-11-28,2019-11-28,Elecciones presidenciales,4,national,"Elección extremadamente reñida que requirió un conteo de votos observados para definir el ganador, generando una tensión política inédita en décadas.","Segunda vuelta electoral entre Luis Lacalle Pou y Daniel Martínez, donde el resultado fue tan estrecho que la Corte Electoral debió esperar al escrutinio definitivo para declarar un ganador.",high,858
87,UY_2022_REFERENDUM_LUC,Uruguay,2022-03-27,2022-03-27,2022-03-27,Referéndum,4,national,"Referéndum contra 135 artículos de la Ley de Urgente Consideración (LUC), que dividió al país en dos bloques claramente definidos: el gobierno y la coalición contra el PIT-CNT y el Frente Amplio.","Consulta popular para derogar artículos clave de la Ley de Urgente Consideración, con una campaña altamente polarizada que movilizó a todo el espectro político nacional.",high,858
88,VEN-1999-001,Venezuela,1999-04-25,1999-04-25,1999-04-25,Referéndum,3,national,Referéndum para convocar una Asamblea Nacional Constituyente que marcó el inicio de la ruptura del orden institucional previo y la división entre chavistas y oposición.,Referéndum consultivo sobre la convocatoria de una Asamblea Nacional Constituyente.,high,862
89,VEN-2002-001,Venezuela,2002-04-11,2002-04-14,2002-04-11,Golpe de Estado,5,national,"Intento de derrocamiento del presidente Hugo Chávez tras una masiva marcha opositora, resultando en una fractura total de la sociedad y las fuerzas armadas.",Golpe de Estado contra el gobierno de Hugo Chávez tras enfrentamientos violentos en Caracas.,high,862
90,VEN-2002-002,Venezuela,2002-12-02,2003-02-03,2002-12-02,Huelga general,5,national,Paro petrolero y huelga general que paralizó la economía y profundizó la división social entre los sectores que apoyaban al gobierno y los que exigían su renuncia.,Paro petrolero y huelga general indefinida contra el gobierno de Hugo Chávez.,high,862
91,VEN-2004-001,Venezuela,2004-08-15,2004-08-15,2004-08-15,Referéndum revocatorio,4,national,Referéndum revocatorio presidencial que consolidó la polarización extrema y generó denuncias de fraude por parte de la oposición.,Referéndum revocatorio presidencial donde Hugo Chávez fue ratificado en el cargo.,high,862
92,VEN-2013-001,Venezuela,2013-04-14,2013-04-15,2013-04-15,Crisis electoral,4,national,Elecciones presidenciales con un margen estrecho que derivaron en el desconocimiento de los resultados por parte de la oposición y protestas violentas.,"Elecciones presidenciales tras la muerte de Hugo Chávez, con resultados disputados por Henrique Capriles.",high,862
93,VEN-2014-001,Venezuela,2014-02-12,2014-06-01,2014-02-12,Protestas masivas,4,national,Ola de protestas antigubernamentales ('La Salida') que intensificó la represión estatal y la confrontación política en las calles.,Movilizaciones estudiantiles y opositoras que derivaron en enfrentamientos violentos a nivel nacional.,high,862
94,VEN-2017-001,Venezuela,2017-04-01,2017-07-30,2017-07-30,Crisis constitucional,5,national,"Elección de una Asamblea Nacional Constituyente no reconocida por la oposición ni gran parte de la comunidad internacional, marcando una ruptura institucional definitiva.",Elección de la Asamblea Nacional Constituyente en medio de protestas masivas y crisis institucional.,high,862
95,VEN-2019-001,Venezuela,2019-01-23,2019-01-23,2019-01-23,Crisis institucional,5,national,"Autoproclamación de Juan Guaidó como presidente interino, creando una dualidad de poder que polarizó al país y a la comunidad internacional.",Juan Guaidó se juramenta como presidente interino ante la Asamblea Nacional.,high,862
96,VEN-2024-001,Venezuela,2024-07-28,2024-07-29,2024-07-29,Crisis electoral,5,national,"Elecciones presidenciales con resultados no verificables y denuncias masivas de fraude, seguidas de una ola de represión y protestas postelectorales.",Elecciones presidenciales y posterior crisis por la falta de publicación de actas detalladas por parte del CNE.,high,862
