country,country_name,wave,fecha_inicio,fecha_fin,n_obs
32,Argentina,1995,,,0
32,Argentina,1996,,,0
32,Argentina,1997,1997-11-01,1997-12-21,1196
32,Argentina,1998,1998-11-01,1998-11-30,1172
32,Argentina,2000,2000-01-27,2000-02-28,1200
32,Argentina,2001,2001-04-02,2001-05-04,1200
32,Argentina,2002,2002-04-24,2002-05-24,1200
32,Argentina,2003,2003-07-26,2003-08-19,1200
32,Argentina,2004,2004-05-26,2004-06-18,1200
32,Argentina,2005,2005-08-01,2005-08-26,1200
32,Argentina,2006,2006-10-06,2006-11-07,1200
32,Argentina,2007,2007-09-08,2007-10-09,1200
32,Argentina,2008,2008-09-07,2008-10-11,1200
32,Argentina,2009,2009-10-01,2009-10-24,1200
32,Argentina,2010,2010-09-04,2010-10-03,1200
32,Argentina,2011,2011-07-24,2011-08-15,1200
32,Argentina,2013,2013-06-01,2013-06-30,1200
32,Argentina,2015,2015-01-15,2015-02-15,1200
32,Argentina,2016,2016-05-20,2016-06-17,1200
32,Argentina,2017,2017-07-18,2017-08-18,1200
32,Argentina,2018,2018-06-19,2018-07-15,1200
32,Argentina,2020,2020-04-20,2020-05-16,1200
32,Argentina,2023,2023-02-22,2023-04-01,1200
32,Argentina,2024,2024-08-23,2024-09-22,1210
68,Bolivia,1996,,,0
68,Bolivia,1997,1997-10-12,1997-12-22,771
68,Bolivia,1998,1998-11-20,1998-11-29,780
68,Bolivia,2000,2000-02-03,2000-02-17,1080
68,Bolivia,2001,2001-04-03,2001-05-31,1075
68,Bolivia,2002,2002-04-16,2002-05-11,1242
68,Bolivia,2003,2003-07-25,2003-08-13,1200
68,Bolivia,2004,2004-05-29,2004-06-18,1201
68,Bolivia,2005,2005-08-01,2005-08-31,1200
68,Bolivia,2006,2006-10-10,2006-10-25,1200
68,Bolivia,2007,2007-09-13,2007-10-01,1200
68,Bolivia,2008,2008-09-09,2008-10-04,1200
68,Bolivia,2009,2009-09-26,2009-10-19,1200
68,Bolivia,2010,2010-09-03,2010-09-29,1200
68,Bolivia,2011,2011-07-21,2011-08-17,1200
68,Bolivia,2013,2013-06-07,2013-07-12,1200
68,Bolivia,2015,2015-01-15,2015-02-14,1200
68,Bolivia,2016,2016-05-07,2016-06-19,1200
68,Bolivia,2017,2017-07-07,2017-08-03,1200
68,Bolivia,2018,2018-06-23,2018-07-19,1200
68,Bolivia,2020,2020-10-26,2020-11-17,1200
68,Bolivia,2023,2023-02-23,2023-03-20,1200
68,Bolivia,2024,2024-08-27,2024-09-22,1200
76,Brazil,1995,,,0
76,Brazil,1996,,,0
76,Brazil,1997,1997-12-01,1997-12-31,1001
76,Brazil,1998,1998-12-12,1998-12-22,1000
76,Brazil,2000,2000-01-28,2000-02-02,1000
76,Brazil,2001,2001-04-06,2001-04-11,1000
76,Brazil,2002,2002-05-02,2002-05-07,1000
76,Brazil,2003,2003-08-02,2003-08-07,1200
76,Brazil,2004,2004-05-28,2004-06-16,1204
76,Brazil,2005,2005-08-05,2005-08-16,1204
76,Brazil,2006,2006-10-10,2006-10-29,1204
76,Brazil,2007,2007-09-07,2007-09-16,1204
76,Brazil,2008,2008-09-10,2008-10-10,1204
76,Brazil,2009,2009-10-03,2009-10-19,1204
76,Brazil,2010,2010-09-09,2010-09-26,1204
76,Brazil,2011,2011-07-22,2011-08-15,1204
76,Brazil,2013,2013-06-12,2013-07-03,1204
76,Brazil,2015,2015-01-22,2015-02-22,1250
76,Brazil,2016,2016-05-21,2016-06-10,1204
76,Brazil,2017,2017-07-07,2017-08-07,1200
76,Brazil,2018,2018-06-27,2018-07-14,1204
76,Brazil,2020,2020-11-03,2020-11-25,1204
76,Brazil,2023,2023-03-03,2023-03-14,1204
76,Brazil,2024,2024-08-31,2024-09-18,1204
152,Chile,1995,,,0
152,Chile,1996,,,0
152,Chile,1997,1997-11-05,1997-12-10,1018
152,Chile,1998,1998-11-02,1998-11-29,1197
152,Chile,2000,2000-03-03,2000-03-13,1183
152,Chile,2001,2001-04-01,2001-05-30,1164
152,Chile,2002,2002-04-07,2002-05-06,1196
152,Chile,2003,2003-07-31,2003-08-11,1200
152,Chile,2004,2004-05-21,2004-06-02,1200
152,Chile,2005,2005-08-11,2005-08-24,1200
152,Chile,2006,2006-10-17,2006-10-29,1200
152,Chile,2007,2007-09-09,2007-10-02,1200
152,Chile,2008,2008-09-08,2008-09-30,1200
152,Chile,2009,2009-10-10,2009-10-22,1200
152,Chile,2010,2010-09-21,2010-10-03,1200
152,Chile,2011,2011-07-17,2011-08-01,1200
152,Chile,2013,2013-05-16,2013-07-09,1200
152,Chile,2015,2015-01-15,2015-01-29,1200
152,Chile,2016,2016-05-01,2016-06-29,1196
152,Chile,2017,2017-07-07,2017-07-29,1200
152,Chile,2018,2018-06-16,2018-07-29,1200
152,Chile,2020,2020-10-28,2020-11-26,1200
152,Chile,2023,2023-02-20,2023-03-09,1200
152,Chile,2024,2024-08-23,2024-09-13,1200
170,Colombia,1996,,,0
170,Colombia,1997,1997-01-02,1997-12-30,1193
170,Colombia,1998,1998-11-01,1998-11-30,1200
170,Colombia,2000,2000-01-01,2000-02-29,1200
170,Colombia,2001,2001-04-02,2001-05-29,1198
170,Colombia,2002,2002-04-18,2002-05-13,1200
170,Colombia,2003,2003-07-26,2003-08-19,1200
170,Colombia,2004,2004-06-07,2004-06-25,1200
170,Colombia,2005,2005-08-20,2005-09-06,1200
170,Colombia,2006,2006-10-07,2006-10-24,1200
170,Colombia,2007,2007-09-07,2007-10-09,1200
170,Colombia,2008,2008-09-02,2008-09-28,1200
170,Colombia,2009,2009-10-03,2009-10-29,1200
170,Colombia,2010,2010-09-04,2010-09-28,1200
170,Colombia,2011,2011-07-02,2011-08-18,1200
170,Colombia,2013,2013-06-12,2013-06-30,1200
170,Colombia,2015,2015-01-01,2015-02-18,1200
170,Colombia,2016,2016-05-12,2016-07-28,1200
170,Colombia,2017,2017-06-05,2017-08-07,1200
170,Colombia,2018,2018-06-06,2018-08-26,1200
170,Colombia,2020,2020-11-05,2020-12-02,1200
170,Colombia,2023,2023-02-20,2023-03-20,1200
170,Colombia,2024,2024-08-29,2024-09-22,1200
188,Costa Rica,1996,,,0
188,Costa Rica,1997,1997-12-03,1997-12-19,1007
188,Costa Rica,1998,1998-11-01,1998-12-04,1000
188,Costa Rica,2000,2000-01-30,2000-02-11,981
188,Costa Rica,2001,2001-05-02,2001-05-17,1000
188,Costa Rica,2002,2002-04-23,2002-05-15,1006
188,Costa Rica,2003,2003-07-30,2003-08-14,1004
188,Costa Rica,2004,2004-05-24,2004-06-04,1000
188,Costa Rica,2005,2005-08-06,2005-08-28,1000
188,Costa Rica,2006,2006-10-10,2006-10-25,1000
188,Costa Rica,2007,2007-09-07,2007-10-06,1000
188,Costa Rica,2008,2008-09-08,2008-09-19,1000
188,Costa Rica,2009,2009-09-30,2009-10-22,1000
188,Costa Rica,2010,2010-09-01,2010-09-30,1000
188,Costa Rica,2011,2011-07-16,2011-08-02,1000
188,Costa Rica,2013,2013-06-15,2013-07-12,1000
188,Costa Rica,2015,2015-01-19,2015-02-09,1000
188,Costa Rica,2016,2016-05-16,2016-06-06,1000
188,Costa Rica,2017,2017-07-01,2017-07-30,1000
188,Costa Rica,2018,2018-06-19,2018-07-14,1000
188,Costa Rica,2020,2020-10-05,2020-11-26,1000
188,Costa Rica,2023,2023-03-24,2023-04-15,1000
188,Costa Rica,2024,2024-08-24,2024-09-11,1000
214,Dominican Republic,2004,2004-06-21,2004-06-29,1000
214,Dominican Republic,2005,2005-08-11,2005-08-17,1000
214,Dominican Republic,2006,2006-10-02,2006-10-19,1000
214,Dominican Republic,2007,2007-09-14,2007-10-09,1000
214,Dominican Republic,2008,2008-09-05,2008-09-15,1000
214,Dominican Republic,2009,2009-10-01,2009-10-18,1000
214,Dominican Republic,2010,2010-09-04,2010-09-29,1000
214,Dominican Republic,2011,2011-07-16,2011-07-30,1000
214,Dominican Republic,2013,2013-06-19,2013-07-12,1000
214,Dominican Republic,2015,2015-02-16,2015-02-28,972
214,Dominican Republic,2016,2016-05-20,2016-06-03,1000
214,Dominican Republic,2017,2017-06-28,2017-07-17,1000
214,Dominican Republic,2018,2018-06-18,2018-07-08,1000
214,Dominican Republic,2020,2020-10-12,2020-11-19,1000
214,Dominican Republic,2023,2023-03-24,2023-04-15,1000
214,Dominican Republic,2024,2024-08-25,2024-09-07,1000
218,Ecuador,1996,,,0
218,Ecuador,1997,,,0
218,Ecuador,1998,1998-11-14,1998-11-16,1200
218,Ecuador,2000,2000-02-05,2000-02-06,1200
218,Ecuador,2001,2001-04-21,2001-04-22,1200
218,Ecuador,2002,2002-04-20,2002-05-17,1200
218,Ecuador,2003,2003-07-25,2003-08-13,1200
218,Ecuador,2004,2004-05-31,2004-06-22,1200
218,Ecuador,2005,2005-08-08,2005-08-31,1200
218,Ecuador,2006,2006-10-07,2006-10-22,1200
218,Ecuador,2007,2007-09-08,2007-09-27,1200
218,Ecuador,2008,2008-09-02,2008-10-05,1200
218,Ecuador,2009,2009-09-23,2009-10-26,1200
218,Ecuador,2010,2010-09-09,2010-09-28,1200
218,Ecuador,2011,2011-07-19,2011-08-15,1200
218,Ecuador,2013,2013-06-06,2013-06-27,1200
218,Ecuador,2015,2015-08-12,2015-09-10,1200
218,Ecuador,2016,2016-05-01,2016-06-16,1200
218,Ecuador,2017,2017-06-26,2017-07-22,1200
218,Ecuador,2018,2018-06-18,2018-07-15,1200
218,Ecuador,2020,2020-10-27,2020-12-01,1199
218,Ecuador,2023,2023-02-23,2023-03-22,1200
218,Ecuador,2024,2024-09-09,2024-10-03,1200
222,El Salvador,1996,,,0
222,El Salvador,1997,1997-12-12,1997-12-29,1010
222,El Salvador,1998,1998-03-07,1998-03-30,1000
222,El Salvador,2000,2000-02-03,2000-02-15,1001
222,El Salvador,2001,2001-04-21,2001-04-30,1000
222,El Salvador,2002,2002-04-22,2002-05-03,1014
222,El Salvador,2003,2003-07-20,2003-08-02,1008
222,El Salvador,2004,2004-05-24,2004-06-04,1000
222,El Salvador,2005,2005-08-10,2005-08-23,1010
222,El Salvador,2006,2006-10-08,2006-10-20,1020
222,El Salvador,2007,2007-09-12,2007-10-09,1000
222,El Salvador,2008,2008-09-07,2008-09-20,1000
222,El Salvador,2009,2009-10-03,2009-10-11,1000
222,El Salvador,2010,2010-09-04,2010-09-12,1000
222,El Salvador,2011,2011-07-16,2011-07-27,1000
222,El Salvador,2013,2013-06-15,2013-06-27,1000
222,El Salvador,2015,2015-01-15,2015-02-02,1000
222,El Salvador,2016,2016-05-19,2016-05-26,1000
222,El Salvador,2017,2017-07-02,2017-07-19,1000
222,El Salvador,2018,2018-06-18,2018-07-07,1000
222,El Salvador,2020,2020-10-28,2020-11-16,1000
222,El Salvador,2023,2023-03-23,2023-04-13,1000
222,El Salvador,2024,2024-08-24,2024-09-09,1000
320,Guatemala,1996,,,0
320,Guatemala,1997,1997-12-01,1997-12-30,1000
320,Guatemala,1998,1998-11-02,1998-12-30,1000
320,Guatemala,2000,2000-02-06,2000-02-22,989
320,Guatemala,2001,2001-04-20,2001-05-12,1002
320,Guatemala,2002,2002-04-22,2002-05-02,1000
320,Guatemala,2003,2003-07-24,2003-08-05,1006
320,Guatemala,2004,2004-05-24,2004-06-04,1000
320,Guatemala,2005,2005-08-10,2005-08-26,1000
320,Guatemala,2006,2006-10-10,2006-10-31,1000
320,Guatemala,2007,2007-09-12,2007-09-25,1000
320,Guatemala,2008,2008-09-08,2008-09-21,1000
320,Guatemala,2009,2009-09-30,2009-10-30,1000
320,Guatemala,2010,2010-09-07,2010-10-06,1000
320,Guatemala,2011,2011-07-16,2011-07-26,1000
320,Guatemala,2013,2013-06-15,2013-07-05,1000
320,Guatemala,2015,2015-01-15,2015-01-28,1000
320,Guatemala,2016,2016-05-19,2016-05-31,1000
320,Guatemala,2017,2017-07-03,2017-07-21,1000
320,Guatemala,2018,2018-06-19,2018-07-03,1000
320,Guatemala,2020,2020-10-03,2020-11-30,1000
320,Guatemala,2023,2023-03-25,2023-04-17,1000
320,Guatemala,2024,2024-08-25,2024-09-15,1000
340,Honduras,1996,,,0
340,Honduras,1997,1997-12-09,1997-12-21,1011
340,Honduras,1998,1998-03-18,1998-03-29,1000
340,Honduras,2000,2000-02-03,2000-02-16,997
340,Honduras,2001,2001-04-20,2001-05-10,1000
340,Honduras,2002,2002-04-29,2002-05-19,1004
340,Honduras,2003,2003-07-25,2003-08-12,1006
340,Honduras,2004,2004-05-24,2004-06-04,1000
340,Honduras,2005,2005-08-08,2005-08-30,1000
340,Honduras,2006,2006-10-06,2006-10-30,1000
340,Honduras,2007,2007-09-19,2007-10-05,1000
340,Honduras,2008,2008-09-06,2008-09-21,1000
340,Honduras,2009,2009-09-29,2009-10-24,1000
340,Honduras,2010,2010-09-04,2010-09-26,1000
340,Honduras,2011,2011-07-16,2011-08-02,1000
340,Honduras,2013,2013-06-13,2013-06-27,1000
340,Honduras,2015,2015-01-20,2015-01-31,1000
340,Honduras,2016,2016-05-18,2016-05-30,1000
340,Honduras,2017,2017-07-03,2017-07-25,1000
340,Honduras,2018,2018-06-18,2018-07-06,1000
340,Honduras,2020,2020-10-28,2020-11-27,1000
340,Honduras,2023,2023-03-25,2023-04-15,1000
340,Honduras,2024,2024-08-24,2024-09-09,1000
484,Mexico,1995,,,0
484,Mexico,1996,,,0
484,Mexico,1997,1997-01-08,1997-12-05,1104
484,Mexico,1998,1998-12-01,1998-12-30,1200
484,Mexico,2000,2000-01-22,2000-02-11,1166
484,Mexico,2001,2001-04-25,2001-05-12,1253
484,Mexico,2002,2002-04-20,2002-05-13,1210
484,Mexico,2003,2003-07-21,2003-08-12,1200
484,Mexico,2004,2004-05-22,2004-06-07,1200
484,Mexico,2005,2005-08-01,2005-08-21,1200
484,Mexico,2006,2006-10-08,2006-10-28,1200
484,Mexico,2007,2007-09-08,2007-09-19,1200
484,Mexico,2008,2008-09-03,2008-09-16,1200
484,Mexico,2009,2009-10-02,2009-10-16,1200
484,Mexico,2010,2010-09-04,2010-09-26,1200
484,Mexico,2011,2011-07-18,2011-08-09,1200
484,Mexico,2013,2013-06-09,2013-06-19,1200
484,Mexico,2015,2015-11-08,2015-11-24,1200
484,Mexico,2016,2016-05-01,2016-06-27,1200
484,Mexico,2017,2017-06-22,2017-07-12,1200
484,Mexico,2018,2018-06-16,2018-06-29,1200
484,Mexico,2020,2020-11-04,2020-11-12,1200
484,Mexico,2023,2023-02-20,2023-03-07,1198
484,Mexico,2024,2024-08-27,2024-09-08,1200
558,Nicaragua,1996,,,0
558,Nicaragua,1997,1997-11-29,1997-12-29,1002
558,Nicaragua,1998,1998-03-01,1998-03-30,1000
558,Nicaragua,2000,2000-02-02,2000-02-17,1000
558,Nicaragua,2001,2001-04-20,2001-05-08,1005
558,Nicaragua,2002,2002-04-22,2002-05-05,1016
558,Nicaragua,2003,2003-07-26,2003-08-11,1010
558,Nicaragua,2004,2004-05-24,2004-06-01,1000
558,Nicaragua,2005,2005-08-03,2005-08-31,1000
558,Nicaragua,2006,2006-10-05,2006-10-13,1000
558,Nicaragua,2007,2007-09-13,2007-10-02,1000
558,Nicaragua,2008,2008-09-09,2008-09-23,1000
558,Nicaragua,2009,2009-09-29,2009-10-09,1000
558,Nicaragua,2010,2010-09-09,2010-09-25,1000
558,Nicaragua,2011,2011-07-16,2011-08-05,1000
558,Nicaragua,2013,2013-06-14,2013-06-28,1000
558,Nicaragua,2015,2015-01-15,2015-01-31,1000
558,Nicaragua,2016,2016-05-20,2016-06-03,1000
558,Nicaragua,2017,2017-07-01,2017-07-25,1000
558,Nicaragua,2018,2018-07-03,2018-07-22,1000
558,Nicaragua,2020,2020-10-29,2020-11-24,1000
591,Panama,1996,,,0
591,Panama,1997,1997-11-08,1997-12-28,1021
591,Panama,1998,1998-11-20,1998-11-30,1000
591,Panama,2000,2000-02-03,2000-02-08,993
591,Panama,2001,2001-04-21,2001-05-08,1000
591,Panama,2002,2002-04-23,2002-05-04,1010
591,Panama,2003,2003-07-25,2003-08-10,1004
591,Panama,2004,2004-05-25,2004-06-03,1000
591,Panama,2005,2005-08-02,2005-08-23,1008
591,Panama,2006,2006-10-06,2006-10-16,1008
591,Panama,2007,2007-09-12,2007-09-25,1008
591,Panama,2008,2008-09-09,2008-09-21,1000
591,Panama,2009,2009-09-29,2009-10-16,1000
591,Panama,2010,2010-09-07,2010-09-23,1000
591,Panama,2011,2011-07-16,2011-08-04,1000
591,Panama,2013,2013-06-14,2013-07-07,1000
591,Panama,2015,2015-01-14,2015-02-04,1000
591,Panama,2016,2016-05-19,2016-06-27,1000
591,Panama,2017,2017-06-29,2017-07-18,1000
591,Panama,2018,2018-06-19,2018-07-07,1000
591,Panama,2020,2020-10-28,2020-11-13,1000
591,Panama,2023,2023-03-25,2023-04-13,1000
591,Panama,2024,2024-08-28,2024-09-12,1000
600,Paraguay,1995,,,0
600,Paraguay,1996,,,0
600,Paraguay,1997,1997-11-02,1997-12-28,520
600,Paraguay,1998,1998-11-18,1998-11-28,600
600,Paraguay,2000,2000-01-25,2000-01-31,602
600,Paraguay,2001,2001-04-04,2001-05-06,604
600,Paraguay,2002,2002-04-27,2002-05-13,600
600,Paraguay,2003,2003-07-22,2003-08-10,600
600,Paraguay,2004,2004-05-21,2004-06-18,600
600,Paraguay,2005,2005-08-01,2005-08-30,1200
600,Paraguay,2006,2006-10-04,2006-11-07,1200
600,Paraguay,2007,2007-09-08,2007-10-02,1200
600,Paraguay,2008,2008-09-03,2008-09-23,1200
600,Paraguay,2009,2009-09-15,2009-10-23,1200
600,Paraguay,2010,2010-09-03,2010-09-30,1200
600,Paraguay,2011,2011-07-15,2011-08-15,1200
600,Paraguay,2013,2013-06-01,2013-06-30,1200
600,Paraguay,2015,2015-01-18,2015-02-25,1200
600,Paraguay,2016,2016-05-14,2016-06-20,1200
600,Paraguay,2017,2017-06-22,2017-08-03,1200
600,Paraguay,2018,2018-06-25,2018-07-16,1200
600,Paraguay,2020,2020-11-10,2020-12-07,1200
600,Paraguay,2023,2023-03-29,2023-04-18,1200
600,Paraguay,2024,2024-08-30,2024-09-24,1200
604,Peru,1995,,,0
604,Peru,1996,,,0
604,Peru,1997,1997-12-06,1997-12-12,1054
604,Peru,1998,1998-11-05,1998-11-18,1045
604,Peru,2000,2000-02-04,2000-02-09,1046
604,Peru,2001,2001-04-12,2001-04-24,1023
604,Peru,2002,2002-04-19,2002-05-02,1224
604,Peru,2003,2003-07-19,2003-07-29,1200
604,Peru,2004,2004-05-22,2004-05-28,1200
604,Peru,2005,2005-08-05,2005-08-25,1200
604,Peru,2006,2006-10-07,2006-10-24,1200
604,Peru,2007,2007-09-08,2007-09-24,1200
604,Peru,2008,2008-09-01,2008-09-28,1200
604,Peru,2009,2009-09-16,2009-10-14,1200
604,Peru,2010,2010-09-02,2010-09-27,1200
604,Peru,2011,2011-07-20,2011-08-06,1200
604,Peru,2013,2013-06-01,2013-06-28,1200
604,Peru,2015,2015-01-08,2015-02-18,1200
604,Peru,2016,2016-05-14,2016-06-13,1200
604,Peru,2017,2017-06-28,2017-07-21,1200
604,Peru,2018,2018-06-21,2018-07-14,1200
604,Peru,2020,2020-11-01,2020-11-29,1200
604,Peru,2023,2023-02-21,2023-03-25,1200
604,Peru,2024,2024-08-30,2024-09-30,1200
858,Uruguay,1995,,,0
858,Uruguay,1996,,,0
858,Uruguay,1997,1997-10-13,1997-12-30,1175
858,Uruguay,1998,1998-11-12,1998-12-01,1200
858,Uruguay,2000,2000-01-01,2000-02-28,1200
858,Uruguay,2001,2001-04-02,2001-04-20,1200
858,Uruguay,2002,2002-04-18,2002-05-15,1200
858,Uruguay,2003,2003-07-18,2003-08-28,1200
858,Uruguay,2004,2004-05-22,2004-06-23,1200
858,Uruguay,2005,2005-08-02,2005-08-29,1200
858,Uruguay,2006,2006-10-02,2006-11-07,1200
858,Uruguay,2007,2007-09-05,2007-09-29,1200
858,Uruguay,2008,2008-09-04,2008-09-30,1200
858,Uruguay,2009,2009-09-03,2009-10-16,1200
858,Uruguay,2010,2010-09-04,2010-10-30,1200
858,Uruguay,2011,2011-07-15,2011-08-12,1200
858,Uruguay,2013,2013-06-01,2013-06-24,1200
858,Uruguay,2015,2015-01-15,2015-02-09,1200
858,Uruguay,2016,2016-05-14,2016-06-13,1200
858,Uruguay,2017,2017-07-07,2017-08-07,1200
858,Uruguay,2018,2018-06-22,2018-07-25,1200
858,Uruguay,2020,2020-10-28,2020-12-04,1200
858,Uruguay,2023,2023-03-02,2023-03-28,1200
858,Uruguay,2024,2024-08-29,2024-10-08,1200
862,Venezuela,1995,,,0
862,Venezuela,1996,,,0
862,Venezuela,1997,1997-12-10,1997-12-21,1200
862,Venezuela,1998,1998-12-08,1998-12-15,1200
862,Venezuela,2000,2000-02-05,2000-02-14,1200
862,Venezuela,2001,2001-04-16,2001-04-25,1200
862,Venezuela,2002,2002-04-28,2002-05-05,1200
862,Venezuela,2003,2003-07-26,2003-08-06,1200
862,Venezuela,2004,2004-05-23,2004-06-13,1200
862,Venezuela,2005,2005-08-01,2005-08-19,1200
862,Venezuela,2006,2006-10-05,2006-10-22,1200
862,Venezuela,2007,2007-09-15,2007-09-30,1200
862,Venezuela,2008,2008-09-04,2008-10-10,1200
862,Venezuela,2009,2009-10-01,2009-10-29,1200
862,Venezuela,2010,2010-09-04,2010-10-11,1200
862,Venezuela,2011,2011-07-03,2011-09-04,1200
862,Venezuela,2013,2013-06-01,2013-06-30,1200
862,Venezuela,2015,2015-01-16,2015-02-15,1200
862,Venezuela,2016,2016-05-14,2016-06-19,1200
862,Venezuela,2017,2017-07-05,2017-08-28,1200
862,Venezuela,2018,2018-06-20,2018-08-03,1200
862,Venezuela,2020,2020-10-29,2020-12-15,1200
862,Venezuela,2023,2023-03-05,2023-04-01,1201
862,Venezuela,2024,2024-09-18,2024-10-09,1200
