,CIUDAD,city,country,tamciud,lat,lon,radius_m,amenity_bar,amenity_bar_per100k,amenity_pub,amenity_pub_per100k,amenity_cafe,amenity_cafe_per100k,amenity_community_centre,amenity_community_centre_per100k,amenity_social_centre,amenity_social_centre_per100k,amenity_arts_centre,amenity_arts_centre_per100k,amenity_theatre,amenity_theatre_per100k,amenity_music_venue,amenity_music_venue_per100k,amenity_place_of_worship,amenity_place_of_worship_per100k,amenity_social_facility,amenity_social_facility_per100k,office_political_party,office_political_party_per100k,office_association,office_association_per100k,office_ngo,office_ngo_per100k,club_sport,club_sport_per100k,club_social,club_social_per100k,leisure_park,leisure_park_per100k,leisure_garden,leisure_garden_per100k,leisure_common,leisure_common_per100k,leisure_sports_centre,leisure_sports_centre_per100k,leisure_pitch,leisure_pitch_per100k,third_places,third_places_per100k
0,32101014,AR: Mendoza-Lujan de Cuyo,Argentina,6,-33,-69.33333333,2000,1,1.333333333,0,0,0,0,0,0,0,0,0,0,0,0,0,0,21,28,0,0,0,0,0,0,1,1.333333333,12,16,0,0,38,50.66666667,5,6.666666667,0,0,12,16,0,0,90,120
1,32102002,AR: San Juan-Chimbas,Argentina,6,-31.48722222,-68.52666667,2000,0,0,0,0,45,60,1,1.333333333,0,0,0,0,0,0,0,0,7,9.333333333,0,0,2,2.666666667,2,2.666666667,0,0,0,0,0,0,79,105.3333333,0,0,0,0,3,4,5,6.666666667,144,192
2,32207008,AR: Jujuy-Ledesma-Libertador General San Martin,Argentina,4,-23.81305556,-64.79333333,2000,0,0,0,0,0,0,0,0,0,0,0,0,0,0,0,0,4,13.33333333,0,0,0,0,1,3.333333333,0,0,0,0,0,0,6,20,0,0,0,0,9,30,20,66.66666667,40,133.3333333
3,32209000,AR: Salta-Salta,Argentina,7,-24.78583333,-65.41166667,2000,10,4,3,1.2,49,19.6,7,2.8,2,0.8,3,1.2,3,1.2,0,0,18,7.2,3,1.2,0,0,0,0,0,0,1,0.4,0,0,99,39.6,3,1.2,0,0,11,4.4,74,29.6,286,114.4
4,32301001,AR: Buenos Aires-Almirante Brown,Argentina,7,-34.83333333,-58.33333333,2000,0,0,0,0,30,12,1,0.4,0,0,0,0,1,0.4,0,0,41,16.4,0,0,1,0.4,4,1.6,0,0,0,0,0,0,25,10,0,0,0,0,6,2.4,120,48,229,91.6
5,32301002,AR: Buenos Aires-Avellaneda,Argentina,7,-34.66666667,-58.33333333,2000,0,0,0,0,30,12,2,0.8,0,0,0,0,1,0.4,0,0,10,4,1,0.4,2,0.8,0,0,0,0,0,0,0,0,55,22,6,2.4,0,0,7,2.8,45,18,159,63.6
6,32301004,AR: Buenos Aires-Bahia Blanca,Argentina,7,-38.7175,-62.26527778,2000,12,4.8,10,4,38,15.2,16,6.4,1,0.4,3,1.2,4,1.6,0,0,11,4.4,7,2.8,2,0.8,4,1.6,0,0,3,1.2,1,0.4,71,28.4,41,16.4,3,1.2,25,10,36,14.4,288,115.2
7,32301005,AR: Buenos Aires-Berazategui,Argentina,7,-34.76527778,-58.21277778,2000,0,0,5,2,4,1.6,7,2.8,1,0.4,0,0,0,0,0,0,3,1.2,0,0,0,0,0,0,0,0,0,0,0,0,38,15.2,0,0,2,0.8,7,2.8,19,7.6,86,34.4
8,32301008,AR: Buenos Aires-Esteban Echeverria,Argentina,7,-34.81916667,-58.46583333,2000,7,2.8,17,6.8,18,7.2,6,2.4,0,0,2,0.8,1,0.4,0,0,3,1.2,0,0,1,0.4,0,0,1,0.4,1,0.4,0,0,22,8.8,0,0,0,0,14,5.6,13,5.2,106,42.4
9,32301010,AR: Buenos Aires-Florencio Varela,Argentina,7,-34.83333333,-58.25,2000,0,0,0,0,0,0,2,0.8,1,0.4,0,0,0,0,0,0,5,2,1,0.4,0,0,0,0,0,0,5,2,0,0,30,12,0,0,0,0,5,2,9,3.6,58,23.2
10,32301011,AR: Buenos Aires-General San Martin,Argentina,7,-34.57305556,-58.54083333,2000,15,6,0,0,19,7.6,18,7.2,2,0.8,3,1.2,4,1.6,0,0,27,10.8,12,4.8,3,1.2,13,5.2,1,0.4,12,4.8,3,1.2,34,13.6,1,0.4,0,0,30,12,63,25.2,260,104
11,32301012,AR: Buenos Aires-Gran La Plata,Argentina,7,-34.87777778,-58.08361111,2000,1,0.4,0,0,0,0,1,0.4,0,0,0,0,1,0.4,0,0,15,6,1,0.4,0,0,0,0,0,0,4,1.6,0,0,10,4,0,0,0,0,1,0.4,31,12.4,65,26
12,32301013,AR: Buenos Aires-Hurlingham (GBA),Argentina,7,-34.59027778,-58.62888889,2000,4,1.6,0,0,8,3.2,6,2.4,0,0,0,0,1,0.4,0,0,51,20.4,0,0,0,0,0,0,0,0,0,0,0,0,32,12.8,0,0,0,0,7,2.8,42,16.8,151,60.4
13,32301015,AR: Buenos Aires-Jose C. Paz,Argentina,7,-34.51972222,-58.76555556,2000,30,12,1,0.4,2,0.8,5,2,0,0,0,0,1,0.4,0,0,15,6,3,1.2,3,1.2,0,0,0,0,0,0,0,0,22,8.8,0,0,0,0,2,0.8,28,11.2,112,44.8
14,32301016,AR: Buenos Aires-La Matanza,Argentina,7,-34.75,-58.58333333,2000,0,0,0,0,30,12,0,0,1,0.4,0,0,0,0,0,0,18,7.2,0,0,0,0,0,0,0,0,1,0.4,0,0,28,11.2,0,0,0,0,2,0.8,16,6.4,96,38.4
15,32301017,AR: Buenos Aires-Lanus,Argentina,7,-34.66666667,-58.41666667,2000,0,0,0,0,6,2.4,15,6,1,0.4,0,0,2,0.8,0,0,19,7.6,8,3.2,1,0.4,0,0,0,0,2,0.8,0,0,34,13.6,1,0.4,1,0.4,24,9.6,101,40.4,215,86
16,32301018,AR: Buenos Aires-Lomas de Zamora,Argentina,7,-34.75,-58.41666667,2000,37,14.8,9,3.6,27,10.8,6,2.4,0,0,0,0,3,1.2,0,0,11,4.4,0,0,4,1.6,1,0.4,0,0,2,0.8,0,0,24,9.6,1,0.4,0,0,13,5.2,29,11.6,167,66.8
17,32301021,AR: Buenos Aires-Malvinas Argentinas,Argentina,7,-34.5075,-58.69555556,2000,2,0.8,1,0.4,2,0.8,6,2.4,0,0,2,0.8,3,1.2,0,0,10,4,1,0.4,1,0.4,0,0,0,0,2,0.8,0,0,45,18,0,0,0,0,10,4,95,38,180,72
18,32301024,AR: Buenos Aires-Merlo,Argentina,7,-34.66527778,-58.72722222,2000,3,1.2,4,1.6,11,4.4,4,1.6,0,0,0,0,3,1.2,0,0,9,3.6,1,0.4,0,0,2,0.8,0,0,2,0.8,0,0,43,17.2,1,0.4,3,1.2,10,4,29,11.6,125,50
19,32301025,AR: Buenos Aires-Moreno,Argentina,7,-34.55916667,-58.78861111,2000,0,0,0,0,35,14,3,1.2,0,0,0,0,0,0,0,0,35,14,0,0,1,0.4,0,0,0,0,0,0,0,0,16,6.4,0,0,1,0.4,12,4.8,51,20.4,154,61.6
20,32301026,AR: Buenos Aires-Moron,Argentina,7,-34.65111111,-58.62194444,2000,20,8,0,0,13,5.2,11,4.4,2,0.8,0,0,2,0.8,0,0,13,5.2,3,1.2,0,0,3,1.2,0,0,2,0.8,0,0,52,20.8,1,0.4,0,0,11,4.4,77,30.8,210,84
21,32301029,AR: Buenos Aires-Quilmes,Argentina,7,-34.72055556,-58.25444444,2000,6,2.4,16,6.4,16,6.4,5,2,0,0,1,0.4,6,2.4,0,0,17,6.8,3,1.2,0,0,0,0,0,0,4,1.6,1,0.4,37,14.8,6,2.4,0,0,8,3.2,50,20,176,70.4
22,32301035,AR: Buenos Aires-San Fernando,Argentina,7,-34.44527778,-58.54194444,2000,7,2.8,4,1.6,16,6.4,6,2.4,3,1.2,0,0,1,0.4,0,0,35,14,3,1.2,1,0.4,0,0,0,0,10,4,0,0,34,13.6,1,0.4,1,0.4,17,6.8,93,37.2,232,92.8
23,32301036,AR: Buenos Aires-San Isidro,Argentina,7,-34.49,-58.53027778,2000,1,0.4,3,1.2,21,8.4,7,2.8,2,0.8,1,0.4,0,0,0,0,10,4,1,0.4,0,0,0,0,0,0,5,2,0,0,75,30,5,2,2,0.8,42,16.8,54,21.6,229,91.6
24,32301037,AR: Buenos Aires-San Miguel (GBA),Argentina,7,-34.54333333,-58.71222222,2000,6,2.4,3,1.2,10,4,8,3.2,1,0.4,0,0,1,0.4,0,0,18,7.2,0,0,0,0,1,0.4,1,0.4,4,1.6,0,0,31,12.4,0,0,0,0,2,0.8,38,15.2,124,49.6
25,32301039,AR: Buenos Aires-Tigre,Argentina,7,-34.49444444,-58.62722222,2000,2,0.8,3,1.2,4,1.6,12,4.8,0,0,0,0,0,0,0,0,2,0.8,2,0.8,0,0,0,0,0,0,8,3.2,0,0,35,14,1,0.4,6,2.4,1,0.4,59,23.6,135,54
26,32301040,AR: Buenos Aires-Tres de Febrero,Argentina,7,-34.59972222,-58.56583333,2000,7,2.8,4,1.6,10,4,11,4.4,0,0,2,0.8,0,0,0,0,15,6,2,0.8,2,0.8,0,0,0,0,6,2.4,0,0,48,19.2,0,0,0,0,29,11.6,25,10,161,64.4
27,32301041,AR: Buenos Aires-Vicente Lopez,Argentina,7,-34.52333333,-58.47416667,2000,9,3.6,4,1.6,37,14.8,9,3.6,0,0,3,1.2,5,2,0,0,11,4.4,2,0.8,2,0.8,4,1.6,4,1.6,2,0.8,0,0,47,18.8,2,0.8,4,1.6,17,6.8,241,96.4,403,161.2
28,32301912,AR: Buenos Aires-Pilar,Argentina,7,-34.45861111,-58.91388889,2000,2,0.8,0,0,4,1.6,2,0.8,0,0,1,0.4,0,0,0,0,7,2.8,0,0,0,0,0,0,0,0,0,0,0,0,20,8,0,0,2,0.8,1,0.4,32,12.8,71,28.4
29,32301913,AR: Buenos Aires-Escobar,Argentina,7,-34.33333333,-58.75,2000,20,8,0,0,0,0,0,0,0,0,0,0,0,0,0,0,15,6,0,0,4,1.6,0,0,0,0,0,0,0,0,2,0.8,18,7.2,0,0,3,1.2,31,12.4,93,37.2
30,32301914,AR: Buenos Aires-Ituzaingo,Argentina,7,-34.66027778,-58.66611111,2000,35,14,3,1.2,14,5.6,4,1.6,0,0,1,0.4,3,1.2,0,0,10,4,0,0,2,0.8,2,0.8,0,0,0,0,0,0,26,10.4,0,0,0,0,9,3.6,35,14,144,57.6
31,32301915,AR: Buenos Aires-Ezeiza,Argentina,7,-34.82222222,-58.53583333,2000,0,0,0,0,5,2,0,0,0,0,0,0,0,0,0,0,1,0.4,0,0,0,0,0,0,0,0,0,0,0,0,1,0.4,1,0.4,0,0,29,11.6,8,3.2,45,18
32,32304000,AR: Santa Fe-Gran Rosario,Argentina,7,-32.975,-60.68166667,2000,1,0.4,0,0,0,0,13,5.2,0,0,0,0,0,0,0,0,8,3.2,0,0,1,0.4,0,0,0,0,0,0,0,0,63,25.2,0,0,0,0,3,1.2,2,0.8,91,36.4
33,32304006,AR: Santa Fe-Santa Fe,Argentina,7,-32.94666667,-60.63916667,2000,64,25.6,20,8,85,34,23,9.2,0,0,3,1.2,13,5.2,0,0,8,3.2,2,0.8,1,0.4,8,3.2,2,0.8,4,1.6,0,0,75,30,28,11.2,0,0,2,0.8,66,26.4,404,161.6
34,32305002,AR: Chubut-Rawson,Argentina,3,-43.3,-65.10222222,2000,0,0,0,0,1,6.666666667,3,20,0,0,1,6.666666667,0,0,0,0,5,33.33333333,0,0,0,0,0,0,0,0,8,53.33333333,0,0,33,220,0,0,43,286.6666667,18,120,19,126.6666667,131,873.3333333
35,32305008,AR: Chubut-Comodoro Rivadavia,Argentina,7,-45.8625,-67.49388889,2000,1,0.4,0,0,1,0.4,3,1.2,0,0,0,0,0,0,0,0,5,2,0,0,0,0,0,0,0,0,0,0,0,0,82,32.8,0,0,40,16,2,0.8,14,5.6,148,59.2
36,32306000,AR: Neuquen-Neuquen,Argentina,7,-38.95138889,-68.05888889,2000,11,4.4,16,6.4,41,16.4,15,6,1,0.4,6,2.4,7,2.8,0,0,36,14.4,1,0.4,2,0.8,23,9.2,1,0.4,1,0.4,0,0,192,76.8,111,44.4,0,0,21,8.4,72,28.8,557,222.8
37,68001002,BO: Beni-Trinidad,Bolivia,7,-14.83333333,-64.9,2000,9,3.6,0,0,2,0.8,1,0.4,0,0,0,0,0,0,0,0,37,14.8,0,0,1,0.4,0,0,0,0,1,0.4,1,0.4,40,16,2,0.8,0,0,7,2.8,40,16,141,56.4
38,68001004,BO: Beni-Riberalta,Bolivia,6,-11.01,-66.0525,2000,0,0,0,0,0,0,0,0,0,0,0,0,0,0,0,0,5,6.666666667,0,0,3,4,0,0,0,0,0,0,0,0,12,16,3,4,0,0,13,17.33333333,39,52,75,100
39,68002005,BO: Chuquisaca-Sucre,Bolivia,7,-19.03305556,-65.2625,2000,17,6.8,3,1.2,30,12,2,0.8,0,0,5,2,3,1.2,0,0,15,6,2,0.8,1,0.4,2,0.8,1,0.4,1,0.4,0,0,53,21.2,0,0,0,0,16,6.4,7,2.8,158,63.2
40,68002019,BO: Chuquisaca-Mosoj Llajta,Bolivia,1,-19.65166667,-64.69944444,2000,5,200,0,0,0,0,0,0,0,0,0,0,0,0,0,0,0,0,0,0,0,0,0,0,0,0,0,0,0,0,1,40,0,0,0,0,0,0,4,160,10,400
41,68003001,BO: Cochabamba-Cochabamba,Bolivia,7,-17.38944444,-66.15666667,2000,26,10.4,13,5.2,81,32.4,9,3.6,2,0.8,10,4,37,14.8,0,0,41,16.4,25,10,0,0,2,0.8,19,7.6,2,0.8,2,0.8,17,6.8,12,4.8,0,0,39,15.6,3,1.2,340,136
42,68003004,BO: Cochabamba-Sacaba,Bolivia,7,-17.39777778,-66.03805556,2000,0,0,0,0,0,0,0,0,0,0,0,0,1,0.4,0,0,8,3.2,0,0,0,0,0,0,1,0.4,0,0,0,0,22,8.8,1,0.4,0,0,8,3.2,41,16.4,82,32.8
43,68003012,BO: Cochabamba-Quillacollo,Bolivia,7,-17.39222222,-66.27833333,2000,2,0.8,0,0,0,0,1,0.4,0,0,1,0.4,1,0.4,0,0,11,4.4,0,0,0,0,3,1.2,0,0,0,0,0,0,15,6,1,0.4,0,0,13,5.2,8,3.2,56,22.4
44,68003013,BO: Cochabamba-Ivirgarzama,Bolivia,2,-17.05083333,-64.86583333,2000,0,0,0,0,0,0,0,0,0,0,0,0,0,0,0,0,0,0,0,0,0,0,0,0,0,0,0,0,0,0,1,13.33333333,3,40,0,0,3,40,2,26.66666667,9,120
45,68004009,BO: La Paz-La Paz,Bolivia,8,-16.5,-68.15,2000,15,0.6,3,0.12,3,0.12,11,0.44,1,0.04,6,0.24,2,0.08,0,0,80,3.2,10,0.4,3,0.12,9,0.36,7,0.28,3,0.12,0,0,172,6.88,11,0.44,0,0,3,0.12,8,0.32,347,13.88
46,68004029,BO: La Paz-Antequera,Bolivia,1,-17.66666667,-68.11666667,2000,0,0,0,0,0,0,0,0,0,0,0,0,0,0,0,0,2,80,0,0,0,0,0,0,0,0,0,0,1,40,0,0,0,0,0,0,0,0,1,40,4,160
47,68005004,BO: Oruro-Oruro,Bolivia,7,-17.98333333,-67.15,2000,0,0,0,0,1,0.4,0,0,0,0,0,0,0,0,0,0,19,7.6,0,0,3,1.2,0,0,0,0,0,0,0,0,30,12,47,18.8,0,0,4,1.6,37,14.8,141,56.4
48,68006001,BO: Pando-Cobija,Bolivia,5,-11.02666667,-68.76916667,2000,2,4.444444444,0,0,0,0,1,2.222222222,0,0,0,0,1,2.222222222,0,0,15,33.33333333,3,6.666666667,0,0,0,0,0,0,0,0,0,0,26,57.77777778,0,0,0,0,9,20,2,4.444444444,59,131.1111111
49,68006004,BO: Pando-Santa Lucia,Bolivia,1,-11.08361111,-67.89555556,2000,0,0,0,0,0,0,0,0,0,0,0,0,0,0,0,0,2,80,0,0,0,0,0,0,0,0,0,0,0,0,0,0,0,0,0,0,0,0,8,320,10,400
